RACEID,DRIVERID,LAP,POSITION,MILLISECONDS,DRIVERREF,RACE_NAME,PIT_STOP,MILLISECONDS_CUMULATIVE,MEDIAN_MILLISECONDS_CUMULATIVE
1047,830,48,1,101982,max_verstappen,2020 Abu Dhabi Grand Prix,N,5076068,5167905
1047,830,55,1,102182,max_verstappen,2020 Abu Dhabi Grand Prix,N,5788645,5851840.5
1047,822,8,2,102752,bottas,2020 Abu Dhabi Grand Prix,N,824196,847786.5
1047,822,15,2,101350,bottas,2020 Abu Dhabi Grand Prix,N,1729606,1742186
1047,822,28,2,101939,bottas,2020 Abu Dhabi Grand Prix,N,3053406,3096348
1047,822,35,2,101388,bottas,2020 Abu Dhabi Grand Prix,N,3763734,3828182
1047,830,2,1,102292,max_verstappen,2020 Abu Dhabi Grand Prix,N,206125,218755
1047,830,10,1,126235,max_verstappen,2020 Abu Dhabi Grand Prix,Y,1049849,1090039
1047,830,15,1,101153,max_verstappen,2020 Abu Dhabi Grand Prix,N,1727944,1742186
1047,830,22,1,101250,max_verstappen,2020 Abu Dhabi Grand Prix,N,2437952,2473686
1047,830,26,1,101357,max_verstappen,2020 Abu Dhabi Grand Prix,N,2843941,2887746
1047,822,42,2,101918,bottas,2020 Abu Dhabi Grand Prix,N,4474736,4550223
1047,822,48,2,101569,bottas,2020 Abu Dhabi Grand Prix,N,5087745,5167905
1047,822,55,2,104823,bottas,2020 Abu Dhabi Grand Prix,N,5804621,5851840.5
1047,1,10,3,129878,hamilton,2020 Abu Dhabi Grand Prix,Y,1061499,1090039
1047,1,16,3,102109,hamilton,2020 Abu Dhabi Grand Prix,N,1833544,1846797
1047,1,27,3,102034,hamilton,2020 Abu Dhabi Grand Prix,N,2954227,2991990
1047,1,32,3,101510,hamilton,2020 Abu Dhabi Grand Prix,N,3462848,3514274
1047,1,43,3,102168,hamilton,2020 Abu Dhabi Grand Prix,N,4580323,4653183
1047,1,48,3,101794,hamilton,2020 Abu Dhabi Grand Prix,N,5089925,5167905
1047,846,5,4,103966,norris,2020 Abu Dhabi Grand Prix,N,523839,533046
1047,846,11,6,158423,norris,2020 Abu Dhabi Grand Prix,N,1233338,1242049
1047,846,25,6,102916,norris,2020 Abu Dhabi Grand Prix,N,2770566,2784219
1047,846,31,6,102974,norris,2020 Abu Dhabi Grand Prix,N,3388618,3409488
1047,846,45,5,102449,norris,2020 Abu Dhabi Grand Prix,N,4825720,4859148
1047,846,51,5,102294,norris,2020 Abu Dhabi Grand Prix,N,5440714,5476713
1047,848,12,4,147288,albon,2020 Abu Dhabi Grand Prix,N,1374909,1385364
1047,848,21,4,102022,albon,2020 Abu Dhabi Grand Prix,N,2347704,2369940
1047,848,40,4,101625,albon,2020 Abu Dhabi Grand Prix,N,4283673,4344073
1047,830,33,1,101162,max_verstappen,2020 Abu Dhabi Grand Prix,N,3553105,3618530
1047,830,37,1,101725,max_verstappen,2020 Abu Dhabi Grand Prix,N,3959051,4035210
1047,830,41,1,101180,max_verstappen,2020 Abu Dhabi Grand Prix,N,4364912,4447093
1047,830,44,1,101546,max_verstappen,2020 Abu Dhabi Grand Prix,N,4669448,4756184
1047,848,47,4,101532,albon,2020 Abu Dhabi Grand Prix,N,4994067,5064973
1047,832,1,6,109619,sainz,2020 Abu Dhabi Grand Prix,N,109619,113004.5
1047,832,8,6,104801,sainz,2020 Abu Dhabi Grand Prix,N,841449,847786.5
1047,832,14,8,105532,sainz,2020 Abu Dhabi Grand Prix,N,1636092,1637444
1047,832,22,7,103600,sainz,2020 Abu Dhabi Grand Prix,N,2466651,2473686
1047,832,29,7,102960,sainz,2020 Abu Dhabi Grand Prix,N,3189304,3201153
1047,832,36,7,102469,sainz,2020 Abu Dhabi Grand Prix,N,3908067,3932044
1047,832,45,6,102375,sainz,2020 Abu Dhabi Grand Prix,N,4830819,4859148
1047,832,52,6,102344,sainz,2020 Abu Dhabi Grand Prix,N,5547023,5579893
1047,826,5,7,104620,kvyat,2020 Abu Dhabi Grand Prix,N,529055,533046
1047,826,12,14,141705,kvyat,2020 Abu Dhabi Grand Prix,N,1392974,1385364
1047,826,19,13,104800,kvyat,2020 Abu Dhabi Grand Prix,N,2164178,2161686
1047,826,27,12,103502,kvyat,2020 Abu Dhabi Grand Prix,N,2997071,2991990
1047,826,34,12,104392,kvyat,2020 Abu Dhabi Grand Prix,N,3724798,3723012
1047,826,50,11,102966,kvyat,2020 Abu Dhabi Grand Prix,N,5375726,5373802
1047,832,5,6,104369,sainz,2020 Abu Dhabi Grand Prix,N,527332,533046
1047,832,10,6,136275,sainz,2020 Abu Dhabi Grand Prix,Y,1082114,1090039
1047,832,12,9,143170,sainz,2020 Abu Dhabi Grand Prix,N,1383131,1385364
1047,832,17,7,103790,sainz,2020 Abu Dhabi Grand Prix,N,1948047,1951348
1047,832,19,7,103792,sainz,2020 Abu Dhabi Grand Prix,N,2155963,2161686
1047,832,24,7,103428,sainz,2020 Abu Dhabi Grand Prix,N,2673515,2680634
1047,832,26,7,103241,sainz,2020 Abu Dhabi Grand Prix,N,2879932,2887746
1047,832,31,7,102693,sainz,2020 Abu Dhabi Grand Prix,N,3395179,3409488
1047,839,38,10,103031,ocon,2020 Abu Dhabi Grand Prix,N,4138241,4138241
1047,839,41,10,103020,ocon,2020 Abu Dhabi Grand Prix,N,4447093,4447093
1047,839,43,10,102960,ocon,2020 Abu Dhabi Grand Prix,N,4653183,4653183
1047,839,47,10,102894,ocon,2020 Abu Dhabi Grand Prix,N,5064973,5064973
1047,839,49,10,102950,ocon,2020 Abu Dhabi Grand Prix,N,5270855,5270855
1047,839,51,10,102911,ocon,2020 Abu Dhabi Grand Prix,N,5476713,5476713
1047,842,1,10,112727,gasly,2020 Abu Dhabi Grand Prix,N,112727,113004.5
1047,842,3,9,104617,gasly,2020 Abu Dhabi Grand Prix,N,322172,323657.5
1047,842,8,9,105857,gasly,2020 Abu Dhabi Grand Prix,N,846088,847786.5
1047,842,10,8,134631,gasly,2020 Abu Dhabi Grand Prix,Y,1085701,1090039
1047,842,14,11,106613,gasly,2020 Abu Dhabi Grand Prix,N,1638167,1637444
1047,842,17,11,104461,gasly,2020 Abu Dhabi Grand Prix,N,1952095,1951348
1047,842,22,10,103746,gasly,2020 Abu Dhabi Grand Prix,N,2473686,2473686
1047,842,26,10,103527,gasly,2020 Abu Dhabi Grand Prix,N,2887746,2887746
1047,842,30,9,103574,gasly,2020 Abu Dhabi Grand Prix,N,3303546,3304938
1047,842,33,8,102768,gasly,2020 Abu Dhabi Grand Prix,N,3613306,3618530
1047,842,39,8,103070,gasly,2020 Abu Dhabi Grand Prix,N,4231162,4241137
1047,842,42,8,103545,gasly,2020 Abu Dhabi Grand Prix,N,4541810,4550223
1047,842,47,8,102615,gasly,2020 Abu Dhabi Grand Prix,N,5055875,5064973
1047,842,51,8,102755,gasly,2020 Abu Dhabi Grand Prix,N,5467979,5476713
1047,842,55,8,102626,gasly,2020 Abu Dhabi Grand Prix,N,5878363,5851840.5
1047,817,4,11,104667,ricciardo,2020 Abu Dhabi Grand Prix,N,428739,428339
1047,817,8,10,105241,ricciardo,2020 Abu Dhabi Grand Prix,N,846851,847786.5
1047,817,12,5,144547,ricciardo,2020 Abu Dhabi Grand Prix,N,1376468,1385364
1047,817,16,5,103359,ricciardo,2020 Abu Dhabi Grand Prix,N,1839817,1846797
1047,817,20,5,103182,ricciardo,2020 Abu Dhabi Grand Prix,N,2252980,2265979
1047,848,44,4,101674,albon,2020 Abu Dhabi Grand Prix,N,4689527,4756184
1047,848,46,4,101655,albon,2020 Abu Dhabi Grand Prix,N,4892535,4962079
1047,848,51,4,101583,albon,2020 Abu Dhabi Grand Prix,N,5400959,5476713
1047,848,53,4,102009,albon,2020 Abu Dhabi Grand Prix,N,5604604,5682970
1047,832,3,6,104346,sainz,2020 Abu Dhabi Grand Prix,N,318691,323657.5
1047,840,4,8,104455,stroll,2020 Abu Dhabi Grand Prix,N,425415,428339
1047,840,7,8,104624,stroll,2020 Abu Dhabi Grand Prix,N,739341,742568.5
1047,840,11,10,159286,stroll,2020 Abu Dhabi Grand Prix,N,1242049,1242049
1047,840,15,10,104742,stroll,2020 Abu Dhabi Grand Prix,N,1742186,1742186
1047,840,18,10,105026,stroll,2020 Abu Dhabi Grand Prix,N,2056374,2056374
1047,840,21,9,103718,stroll,2020 Abu Dhabi Grand Prix,N,2367822,2369940
1047,840,23,9,103581,stroll,2020 Abu Dhabi Grand Prix,N,2575038,2577325
1047,840,28,9,104346,stroll,2020 Abu Dhabi Grand Prix,N,3095450,3096348
1047,840,30,10,103785,stroll,2020 Abu Dhabi Grand Prix,N,3304938,3304938
1047,840,34,10,104482,stroll,2020 Abu Dhabi Grand Prix,N,3723012,3723012
1047,840,37,9,102744,stroll,2020 Abu Dhabi Grand Prix,N,4033420,4035210
1047,840,41,9,101866,stroll,2020 Abu Dhabi Grand Prix,N,4443475,4447093
1047,840,44,9,102754,stroll,2020 Abu Dhabi Grand Prix,N,4753957,4756184
1047,840,48,9,102892,stroll,2020 Abu Dhabi Grand Prix,N,5165633,5167905
1047,840,52,9,103174,stroll,2020 Abu Dhabi Grand Prix,N,5578607,5579893
1047,840,55,10,105894,stroll,2020 Abu Dhabi Grand Prix,N,5891383,5851840.5
1047,839,4,10,104696,ocon,2020 Abu Dhabi Grand Prix,N,427939,428339
1047,839,7,11,104916,ocon,2020 Abu Dhabi Grand Prix,N,743527,742568.5
1047,839,10,12,138556,ocon,2020 Abu Dhabi Grand Prix,Y,1092878,1090039
1047,839,14,13,106969,ocon,2020 Abu Dhabi Grand Prix,N,1639426,1637444
1047,839,17,12,104334,ocon,2020 Abu Dhabi Grand Prix,N,1953383,1951348
1047,839,21,12,105673,ocon,2020 Abu Dhabi Grand Prix,N,2373787,2369940
1047,839,24,11,103402,ocon,2020 Abu Dhabi Grand Prix,N,2684546,2680634
1047,839,27,11,103583,ocon,2020 Abu Dhabi Grand Prix,N,2995164,2991990
1047,839,31,11,104112,ocon,2020 Abu Dhabi Grand Prix,N,3410530,3409488
1047,839,33,11,104387,ocon,2020 Abu Dhabi Grand Prix,N,3619463,3618530
1047,839,36,10,103862,ocon,2020 Abu Dhabi Grand Prix,N,3932044,3932044
1047,817,22,5,103074,ricciardo,2020 Abu Dhabi Grand Prix,N,2459246,2473686
1047,817,27,5,102955,ricciardo,2020 Abu Dhabi Grand Prix,N,2974188,2991990
1047,817,30,5,102819,ricciardo,2020 Abu Dhabi Grand Prix,N,3283074,3304938
1047,817,34,5,102283,ricciardo,2020 Abu Dhabi Grand Prix,N,3693181,3723012
1047,817,39,5,105290,ricciardo,2020 Abu Dhabi Grand Prix,Y,4209545,4241137
1047,817,42,7,103286,ricciardo,2020 Abu Dhabi Grand Prix,N,4539939,4550223
1047,817,47,7,102037,ricciardo,2020 Abu Dhabi Grand Prix,N,5049149,5064973
1047,817,51,7,101713,ricciardo,2020 Abu Dhabi Grand Prix,N,5456384,5476713
1047,817,54,7,101411,ricciardo,2020 Abu Dhabi Grand Prix,N,5761467,5785959
1047,20,4,12,104989,vettel,2020 Abu Dhabi Grand Prix,N,429855,428339
1047,20,6,12,104788,vettel,2020 Abu Dhabi Grand Prix,N,639489,637896
1047,20,11,7,142813,vettel,2020 Abu Dhabi Grand Prix,N,1235073,1242049
1047,20,13,7,149720,vettel,2020 Abu Dhabi Grand Prix,N,1529726,1531078
1047,20,18,8,104618,vettel,2020 Abu Dhabi Grand Prix,N,2053928,2056374
1047,20,21,8,104038,vettel,2020 Abu Dhabi Grand Prix,N,2366054,2369940
1047,20,25,8,103837,vettel,2020 Abu Dhabi Grand Prix,N,2780840,2784219
1047,20,28,8,104186,vettel,2020 Abu Dhabi Grand Prix,N,3094492,3096348
1047,20,32,9,104567,vettel,2020 Abu Dhabi Grand Prix,N,3513231,3514274
1047,20,35,11,106172,vettel,2020 Abu Dhabi Grand Prix,Y,3828299,3828182
1047,20,37,15,101475,vettel,2020 Abu Dhabi Grand Prix,N,4052329,4035210
1047,20,42,14,102342,vettel,2020 Abu Dhabi Grand Prix,N,4564837,4550223
1047,20,47,14,103276,vettel,2020 Abu Dhabi Grand Prix,N,5080751,5064973
1047,20,50,14,103654,vettel,2020 Abu Dhabi Grand Prix,N,5391283,5373802
1047,844,1,13,114522,leclerc,2020 Abu Dhabi Grand Prix,N,114522,113004.5
1047,844,3,13,105231,leclerc,2020 Abu Dhabi Grand Prix,N,325446,323657.5
1047,844,8,13,104867,leclerc,2020 Abu Dhabi Grand Prix,N,850400,847786.5
1047,844,10,13,137453,leclerc,2020 Abu Dhabi Grand Prix,N,1093351,1090039
1047,844,15,9,104579,leclerc,2020 Abu Dhabi Grand Prix,N,1741445,1742186
1047,844,18,9,104936,leclerc,2020 Abu Dhabi Grand Prix,N,2055553,2056374
1047,844,22,13,107724,leclerc,2020 Abu Dhabi Grand Prix,Y,2480804,2473686
1047,844,26,18,103100,leclerc,2020 Abu Dhabi Grand Prix,N,2911752,2887746
1047,844,30,15,102686,leclerc,2020 Abu Dhabi Grand Prix,N,3321857,3304938
1047,839,45,10,102964,ocon,2020 Abu Dhabi Grand Prix,N,4859148,4859148
1047,842,4,9,104286,gasly,2020 Abu Dhabi Grand Prix,N,426458,428339
1047,842,11,11,158344,gasly,2020 Abu Dhabi Grand Prix,N,1244045,1242049
1047,842,28,10,104358,gasly,2020 Abu Dhabi Grand Prix,N,3096348,3096348
1047,842,46,8,102797,gasly,2020 Abu Dhabi Grand Prix,N,4953260,4962079
1047,817,1,11,113282,ricciardo,2020 Abu Dhabi Grand Prix,N,113282,113004.5
1047,817,6,10,103625,ricciardo,2020 Abu Dhabi Grand Prix,N,637181,637896
1047,817,10,10,136955,ricciardo,2020 Abu Dhabi Grand Prix,N,1090039,1090039
1047,817,15,5,103867,ricciardo,2020 Abu Dhabi Grand Prix,N,1736458,1742186
1047,817,19,5,103200,ricciardo,2020 Abu Dhabi Grand Prix,N,2149798,2161686
1047,830,45,1,101621,max_verstappen,2020 Abu Dhabi Grand Prix,N,4771069,4859148
1047,830,47,1,101650,max_verstappen,2020 Abu Dhabi Grand Prix,N,4974086,5064973
1047,830,49,1,102033,max_verstappen,2020 Abu Dhabi Grand Prix,N,5178101,5270855
1047,830,53,1,101596,max_verstappen,2020 Abu Dhabi Grand Prix,N,5584837,5682970
1047,830,54,1,101626,max_verstappen,2020 Abu Dhabi Grand Prix,N,5686463,5785959
1047,822,3,2,102641,bottas,2020 Abu Dhabi Grand Prix,N,310631,323657.5
1047,822,5,2,102589,bottas,2020 Abu Dhabi Grand Prix,N,516018,533046
1047,822,6,2,102662,bottas,2020 Abu Dhabi Grand Prix,N,618680,637896
1047,822,10,2,127879,bottas,2020 Abu Dhabi Grand Prix,Y,1054766,1090039
1047,822,12,2,158290,bottas,2020 Abu Dhabi Grand Prix,N,1370124,1385364
1047,822,17,2,101835,bottas,2020 Abu Dhabi Grand Prix,N,1933530,1951348
1047,822,19,2,101766,bottas,2020 Abu Dhabi Grand Prix,N,2137166,2161686
1047,822,21,2,101821,bottas,2020 Abu Dhabi Grand Prix,N,2340906,2369940
1047,822,24,2,101439,bottas,2020 Abu Dhabi Grand Prix,N,2645803,2680634
1047,822,26,2,102086,bottas,2020 Abu Dhabi Grand Prix,N,2849574,2887746
1047,822,29,2,101951,bottas,2020 Abu Dhabi Grand Prix,N,3155357,3201153
1047,822,31,2,101361,bottas,2020 Abu Dhabi Grand Prix,N,3358223,3409488
1047,822,34,2,101262,bottas,2020 Abu Dhabi Grand Prix,N,3662346,3723012
1047,822,36,2,101832,bottas,2020 Abu Dhabi Grand Prix,N,3865566,3932044
1047,830,5,1,102652,max_verstappen,2020 Abu Dhabi Grand Prix,N,513434,533046
1047,830,8,1,102506,max_verstappen,2020 Abu Dhabi Grand Prix,N,821153,847786.5
1047,830,13,1,157752,max_verstappen,2020 Abu Dhabi Grand Prix,N,1525833,1531078
1047,830,17,1,101571,max_verstappen,2020 Abu Dhabi Grand Prix,N,1930830,1951348
1047,830,18,1,101427,max_verstappen,2020 Abu Dhabi Grand Prix,N,2032257,2056374
1047,830,23,1,101400,max_verstappen,2020 Abu Dhabi Grand Prix,N,2539352,2577325
1047,830,24,1,101579,max_verstappen,2020 Abu Dhabi Grand Prix,N,2640931,2680634
1047,822,37,2,101582,bottas,2020 Abu Dhabi Grand Prix,N,3967148,4035210
1047,822,39,2,101442,bottas,2020 Abu Dhabi Grand Prix,N,4170363,4241137
1047,822,43,2,101893,bottas,2020 Abu Dhabi Grand Prix,N,4576629,4653183
1047,822,44,2,102318,bottas,2020 Abu Dhabi Grand Prix,N,4678947,4756184
1047,822,46,2,102272,bottas,2020 Abu Dhabi Grand Prix,N,4883731,4962079
1047,822,50,2,101722,bottas,2020 Abu Dhabi Grand Prix,N,5290836,5373802
1047,822,51,2,102161,bottas,2020 Abu Dhabi Grand Prix,N,5392997,5476713
1047,822,53,2,103072,bottas,2020 Abu Dhabi Grand Prix,N,5597892,5682970
1047,1,2,3,103524,hamilton,2020 Abu Dhabi Grand Prix,N,209871,218755
1047,1,3,3,103154,hamilton,2020 Abu Dhabi Grand Prix,N,313025,323657.5
1047,1,7,3,103033,hamilton,2020 Abu Dhabi Grand Prix,N,725263,742568.5
1047,1,8,3,103069,hamilton,2020 Abu Dhabi Grand Prix,N,828332,847786.5
1047,1,12,3,151224,hamilton,2020 Abu Dhabi Grand Prix,N,1373048,1385364
1047,1,14,3,102117,hamilton,2020 Abu Dhabi Grand Prix,N,1629488,1637444
1047,1,15,3,101947,hamilton,2020 Abu Dhabi Grand Prix,N,1731435,1742186
1047,1,19,3,101791,hamilton,2020 Abu Dhabi Grand Prix,N,2139260,2161686
1047,1,23,3,102004,hamilton,2020 Abu Dhabi Grand Prix,N,2546575,2577325
1047,1,26,3,101979,hamilton,2020 Abu Dhabi Grand Prix,N,2852193,2887746
1047,1,29,3,101811,hamilton,2020 Abu Dhabi Grand Prix,N,3157696,3201153
1047,1,30,3,101649,hamilton,2020 Abu Dhabi Grand Prix,N,3259345,3304938
1047,1,34,3,101744,hamilton,2020 Abu Dhabi Grand Prix,N,3666049,3723012
1047,1,35,3,101431,hamilton,2020 Abu Dhabi Grand Prix,N,3767480,3828182
1047,1,39,3,101452,hamilton,2020 Abu Dhabi Grand Prix,N,4173543,4241137
1047,1,41,3,101572,hamilton,2020 Abu Dhabi Grand Prix,N,4376544,4447093
1047,1,42,3,101611,hamilton,2020 Abu Dhabi Grand Prix,N,4478155,4550223
1047,1,46,3,102431,hamilton,2020 Abu Dhabi Grand Prix,N,4886034,4962079
1047,1,49,3,102482,hamilton,2020 Abu Dhabi Grand Prix,N,5192407,5270855
1047,1,51,3,102282,hamilton,2020 Abu Dhabi Grand Prix,N,5396668,5476713
1047,1,53,3,102992,hamilton,2020 Abu Dhabi Grand Prix,N,5602312,5682970
1047,846,2,4,104054,norris,2020 Abu Dhabi Grand Prix,N,212043,218755
1047,846,3,4,103879,norris,2020 Abu Dhabi Grand Prix,N,315922,323657.5
1047,846,6,5,105683,norris,2020 Abu Dhabi Grand Prix,N,629522,637896
1047,846,9,5,104281,norris,2020 Abu Dhabi Grand Prix,N,942739,953084
1047,846,10,5,132176,norris,2020 Abu Dhabi Grand Prix,Y,1074915,1090039
1047,846,13,6,150317,norris,2020 Abu Dhabi Grand Prix,N,1529161,1531078
1047,846,15,6,103704,norris,2020 Abu Dhabi Grand Prix,N,1737694,1742186
1047,846,17,6,103455,norris,2020 Abu Dhabi Grand Prix,N,1944529,1951348
1047,846,20,6,103539,norris,2020 Abu Dhabi Grand Prix,N,2254848,2265979
1047,846,21,6,103546,norris,2020 Abu Dhabi Grand Prix,N,2358394,2369940
1047,846,24,6,102914,norris,2020 Abu Dhabi Grand Prix,N,2667650,2680634
1047,846,27,6,103183,norris,2020 Abu Dhabi Grand Prix,N,2976790,2991990
1047,846,28,6,103058,norris,2020 Abu Dhabi Grand Prix,N,3079848,3096348
1047,846,32,6,102735,norris,2020 Abu Dhabi Grand Prix,N,3491353,3514274
1047,846,34,6,102434,norris,2020 Abu Dhabi Grand Prix,N,3696480,3723012
1047,846,35,6,102401,norris,2020 Abu Dhabi Grand Prix,N,3798881,3828182
1047,846,39,6,102771,norris,2020 Abu Dhabi Grand Prix,N,4209827,4241137
1047,846,41,5,102794,norris,2020 Abu Dhabi Grand Prix,N,4415351,4447093
1047,846,42,5,102647,norris,2020 Abu Dhabi Grand Prix,N,4517998,4550223
1047,846,46,5,102644,norris,2020 Abu Dhabi Grand Prix,N,4928364,4962079
1047,846,48,5,102561,norris,2020 Abu Dhabi Grand Prix,N,5133611,5167905
1047,846,53,5,101964,norris,2020 Abu Dhabi Grand Prix,N,5644747,5682970
1047,846,55,5,102315,norris,2020 Abu Dhabi Grand Prix,N,5849374,5851840.5
1047,848,2,5,104151,albon,2020 Abu Dhabi Grand Prix,N,212885,218755
1047,848,5,5,104076,albon,2020 Abu Dhabi Grand Prix,N,524931,533046
1047,848,7,4,103334,albon,2020 Abu Dhabi Grand Prix,N,731150,742568.5
1047,848,9,4,103274,albon,2020 Abu Dhabi Grand Prix,N,937505,953084
1047,848,13,4,153008,albon,2020 Abu Dhabi Grand Prix,N,1527917,1531078
1047,848,16,4,102735,albon,2020 Abu Dhabi Grand Prix,N,1836324,1846797
1047,848,18,4,102322,albon,2020 Abu Dhabi Grand Prix,N,2041218,2056374
1047,848,22,4,101855,albon,2020 Abu Dhabi Grand Prix,N,2449559,2473686
1047,848,25,4,102090,albon,2020 Abu Dhabi Grand Prix,N,2756044,2784219
1047,848,27,4,101867,albon,2020 Abu Dhabi Grand Prix,N,2959718,2991990
1047,848,30,4,101702,albon,2020 Abu Dhabi Grand Prix,N,3265554,3304938
1047,848,35,4,102139,albon,2020 Abu Dhabi Grand Prix,N,3775121,3828182
1047,848,36,4,102247,albon,2020 Abu Dhabi Grand Prix,N,3877368,3932044
1047,848,39,4,101386,albon,2020 Abu Dhabi Grand Prix,N,4182048,4241137
1047,830,31,1,101281,max_verstappen,2020 Abu Dhabi Grand Prix,N,3350689,3409488
1047,830,35,1,101455,max_verstappen,2020 Abu Dhabi Grand Prix,N,3755761,3828182
1047,830,36,1,101565,max_verstappen,2020 Abu Dhabi Grand Prix,N,3857326,3932044
1047,830,40,1,101228,max_verstappen,2020 Abu Dhabi Grand Prix,N,4263732,4344073
1047,830,42,1,101421,max_verstappen,2020 Abu Dhabi Grand Prix,N,4466333,4550223
1047,844,29,15,102661,leclerc,2020 Abu Dhabi Grand Prix,N,3219171,3201153
1047,840,8,7,104396,stroll,2020 Abu Dhabi Grand Prix,N,843737,847786.5
1047,840,13,10,145714,stroll,2020 Abu Dhabi Grand Prix,N,1531078,1531078
1047,840,20,9,103966,stroll,2020 Abu Dhabi Grand Prix,N,2264104,2265979
1047,840,26,9,103497,stroll,2020 Abu Dhabi Grand Prix,N,2886452,2887746
1047,840,32,10,104786,stroll,2020 Abu Dhabi Grand Prix,N,3514274,3514274
1047,840,38,9,102688,stroll,2020 Abu Dhabi Grand Prix,N,4136108,4138241
1047,840,45,9,102845,stroll,2020 Abu Dhabi Grand Prix,N,4856802,4859148
1047,840,50,9,103269,stroll,2020 Abu Dhabi Grand Prix,N,5372338,5373802
1047,839,2,10,106281,ocon,2020 Abu Dhabi Grand Prix,N,218316,218755
1047,839,12,13,142253,ocon,2020 Abu Dhabi Grand Prix,N,1390435,1385364
1047,839,20,12,104956,ocon,2020 Abu Dhabi Grand Prix,N,2268114,2265979
1047,839,30,11,103766,ocon,2020 Abu Dhabi Grand Prix,N,3306418,3304938
1047,817,24,5,102931,ricciardo,2020 Abu Dhabi Grand Prix,N,2665374,2680634
1047,817,35,5,102390,ricciardo,2020 Abu Dhabi Grand Prix,N,3795571,3828182
1047,817,40,7,123636,ricciardo,2020 Abu Dhabi Grand Prix,N,4333181,4344073
1047,817,50,7,101860,ricciardo,2020 Abu Dhabi Grand Prix,N,5354671,5373802
1047,817,55,7,100926,ricciardo,2020 Abu Dhabi Grand Prix,N,5862393,5851840.5
1047,20,14,7,105338,vettel,2020 Abu Dhabi Grand Prix,N,1635064,1637444
1047,20,20,8,103953,vettel,2020 Abu Dhabi Grand Prix,N,2262016,2265979
1047,20,33,9,104255,vettel,2020 Abu Dhabi Grand Prix,N,3617486,3618530
1047,20,39,15,102767,vettel,2020 Abu Dhabi Grand Prix,N,4256982,4241137
1047,20,53,14,106875,vettel,2020 Abu Dhabi Grand Prix,N,5708409,5682970
1047,844,5,13,105070,leclerc,2020 Abu Dhabi Grand Prix,N,535595,533046
1047,844,17,9,104596,leclerc,2020 Abu Dhabi Grand Prix,N,1950617,1951348
1047,848,42,4,101227,albon,2020 Abu Dhabi Grand Prix,N,4486410,4550223
1047,848,48,4,101588,albon,2020 Abu Dhabi Grand Prix,N,5095655,5167905
1047,832,7,6,104685,sainz,2020 Abu Dhabi Grand Prix,N,736648,742568.5
1047,832,15,8,104328,sainz,2020 Abu Dhabi Grand Prix,N,1740420,1742186
1047,832,30,7,103182,sainz,2020 Abu Dhabi Grand Prix,N,3292486,3304938
1047,832,37,7,102709,sainz,2020 Abu Dhabi Grand Prix,N,4010776,4035210
1047,832,50,6,102295,sainz,2020 Abu Dhabi Grand Prix,N,5342424,5373802
1047,826,2,7,105145,kvyat,2020 Abu Dhabi Grand Prix,N,215571,218755
1047,826,15,14,106524,kvyat,2020 Abu Dhabi Grand Prix,N,1746599,1742186
1047,826,22,12,105207,kvyat,2020 Abu Dhabi Grand Prix,N,2479836,2473686
1047,826,35,12,104460,kvyat,2020 Abu Dhabi Grand Prix,N,3829258,3828182
1047,826,42,11,102953,kvyat,2020 Abu Dhabi Grand Prix,N,4551733,4550223
1047,840,1,8,111155,stroll,2020 Abu Dhabi Grand Prix,N,111155,113004.5
1047,830,50,1,101805,max_verstappen,2020 Abu Dhabi Grand Prix,N,5279906,5373802
1047,822,7,2,102764,bottas,2020 Abu Dhabi Grand Prix,N,721444,742568.5
1047,822,14,2,101542,bottas,2020 Abu Dhabi Grand Prix,N,1628256,1637444
1047,822,27,2,101893,bottas,2020 Abu Dhabi Grand Prix,N,2951467,2991990
1047,822,33,2,101309,bottas,2020 Abu Dhabi Grand Prix,N,3561084,3618530
1047,830,4,1,102450,max_verstappen,2020 Abu Dhabi Grand Prix,N,410782,428339
1047,830,12,1,161381,max_verstappen,2020 Abu Dhabi Grand Prix,N,1368081,1385364
1047,830,29,1,101491,max_verstappen,2020 Abu Dhabi Grand Prix,N,3148112,3201153
1047,822,41,2,101324,bottas,2020 Abu Dhabi Grand Prix,N,4372818,4447093
1047,822,54,2,101906,bottas,2020 Abu Dhabi Grand Prix,N,5699798,5785959
1047,1,5,3,103157,hamilton,2020 Abu Dhabi Grand Prix,N,519233,533046
1047,1,18,3,101819,hamilton,2020 Abu Dhabi Grand Prix,N,2037469,2056374
1047,1,24,3,101894,hamilton,2020 Abu Dhabi Grand Prix,N,2648469,2680634
1047,1,37,3,101420,hamilton,2020 Abu Dhabi Grand Prix,N,3970589,4035210
1047,1,44,3,101630,hamilton,2020 Abu Dhabi Grand Prix,N,4681953,4756184
1047,846,1,4,107989,norris,2020 Abu Dhabi Grand Prix,N,107989,113004.5
1047,846,8,5,104286,norris,2020 Abu Dhabi Grand Prix,N,838458,847786.5
1047,846,23,6,102999,norris,2020 Abu Dhabi Grand Prix,N,2564736,2577325
1047,846,30,6,102902,norris,2020 Abu Dhabi Grand Prix,N,3285644,3304938
1047,846,43,5,102613,norris,2020 Abu Dhabi Grand Prix,N,4620611,4653183
1047,846,50,5,102314,norris,2020 Abu Dhabi Grand Prix,N,5338420,5373802
1047,848,8,4,103081,albon,2020 Abu Dhabi Grand Prix,N,834231,847786.5
1047,848,17,4,102572,albon,2020 Abu Dhabi Grand Prix,N,1938896,1951348
1047,848,33,4,101814,albon,2020 Abu Dhabi Grand Prix,N,3570837,3618530
1047,830,39,1,101334,max_verstappen,2020 Abu Dhabi Grand Prix,N,4162504,4241137
1047,839,54,10,103459,ocon,2020 Abu Dhabi Grand Prix,N,5786429,5785959
1047,842,6,9,104623,gasly,2020 Abu Dhabi Grand Prix,N,635601,637896
1047,842,19,11,105086,gasly,2020 Abu Dhabi Grand Prix,N,2162329,2161686
1047,842,35,8,102820,gasly,2020 Abu Dhabi Grand Prix,N,3819261,3828182
1047,842,54,8,102549,gasly,2020 Abu Dhabi Grand Prix,N,5775737,5785959
1047,817,5,11,104817,ricciardo,2020 Abu Dhabi Grand Prix,N,533556,533046
1047,817,21,5,103192,ricciardo,2020 Abu Dhabi Grand Prix,N,2356172,2369940
1047,817,25,5,102939,ricciardo,2020 Abu Dhabi Grand Prix,N,2768313,2784219
1047,817,32,5,102619,ricciardo,2020 Abu Dhabi Grand Prix,N,3488508,3514274
1047,817,52,7,101106,ricciardo,2020 Abu Dhabi Grand Prix,N,5557490,5579893
1047,20,8,12,105099,vettel,2020 Abu Dhabi Grand Prix,N,849816,847786.5
1047,20,16,7,104057,vettel,2020 Abu Dhabi Grand Prix,N,1843347,1846797
1047,20,31,9,106209,vettel,2020 Abu Dhabi Grand Prix,N,3408664,3409488
1047,20,38,15,101886,vettel,2020 Abu Dhabi Grand Prix,N,4154215,4138241
1047,20,49,14,103605,vettel,2020 Abu Dhabi Grand Prix,N,5287629,5270855
1047,20,54,14,103467,vettel,2020 Abu Dhabi Grand Prix,N,5811876,5785959
1047,844,13,8,149087,leclerc,2020 Abu Dhabi Grand Prix,N,1530111,1531078
1047,844,21,11,105682,leclerc,2020 Abu Dhabi Grand Prix,N,2373080,2369940
1047,844,32,15,102854,leclerc,2020 Abu Dhabi Grand Prix,N,3527984,3514274
1047,840,5,8,104612,stroll,2020 Abu Dhabi Grand Prix,N,530027,533046
1047,840,14,10,106366,stroll,2020 Abu Dhabi Grand Prix,N,1637444,1637444
1047,840,35,9,104281,stroll,2020 Abu Dhabi Grand Prix,N,3827293,3828182
1047,840,43,9,102858,stroll,2020 Abu Dhabi Grand Prix,N,4651203,4653183
1047,839,3,10,104927,ocon,2020 Abu Dhabi Grand Prix,N,323243,323657.5
1047,839,9,11,105600,ocon,2020 Abu Dhabi Grand Prix,N,954322,953084
1047,839,22,11,103705,ocon,2020 Abu Dhabi Grand Prix,N,2477492,2473686
1047,839,29,11,103834,ocon,2020 Abu Dhabi Grand Prix,N,3202652,3201153
1047,839,37,10,103166,ocon,2020 Abu Dhabi Grand Prix,N,4035210,4035210
1047,839,40,10,102936,ocon,2020 Abu Dhabi Grand Prix,N,4344073,4344073
1047,839,42,10,103130,ocon,2020 Abu Dhabi Grand Prix,N,4550223,4550223
1047,839,44,10,103001,ocon,2020 Abu Dhabi Grand Prix,N,4756184,4756184
1047,839,46,10,102931,ocon,2020 Abu Dhabi Grand Prix,N,4962079,4962079
1047,839,48,10,102932,ocon,2020 Abu Dhabi Grand Prix,N,5167905,5167905
1047,839,50,10,102947,ocon,2020 Abu Dhabi Grand Prix,N,5373802,5373802
1047,839,53,10,103077,ocon,2020 Abu Dhabi Grand Prix,N,5682970,5682970
1047,839,55,9,103285,ocon,2020 Abu Dhabi Grand Prix,N,5889714,5851840.5
1047,842,2,9,104828,gasly,2020 Abu Dhabi Grand Prix,N,217555,218755
1047,842,5,9,104520,gasly,2020 Abu Dhabi Grand Prix,N,530978,533046
1047,842,7,9,104630,gasly,2020 Abu Dhabi Grand Prix,N,740231,742568.5
1047,842,9,8,104982,gasly,2020 Abu Dhabi Grand Prix,N,951070,953084
1047,842,12,11,142722,gasly,2020 Abu Dhabi Grand Prix,N,1386767,1385364
1047,842,15,11,104955,gasly,2020 Abu Dhabi Grand Prix,N,1743122,1742186
1047,842,18,11,105148,gasly,2020 Abu Dhabi Grand Prix,N,2057243,2056374
1047,842,23,10,103639,gasly,2020 Abu Dhabi Grand Prix,N,2577325,2577325
1047,842,25,10,103585,gasly,2020 Abu Dhabi Grand Prix,N,2784219,2784219
1047,842,27,10,104244,gasly,2020 Abu Dhabi Grand Prix,N,2991990,2991990
1047,842,31,8,103949,gasly,2020 Abu Dhabi Grand Prix,N,3407495,3409488
1047,842,32,8,103043,gasly,2020 Abu Dhabi Grand Prix,N,3510538,3514274
1047,842,36,8,103003,gasly,2020 Abu Dhabi Grand Prix,N,3922264,3932044
1047,842,40,8,103659,gasly,2020 Abu Dhabi Grand Prix,N,4334821,4344073
1047,842,41,8,103444,gasly,2020 Abu Dhabi Grand Prix,N,4438265,4447093
1047,842,44,8,103000,gasly,2020 Abu Dhabi Grand Prix,N,4747977,4756184
1047,842,49,8,103423,gasly,2020 Abu Dhabi Grand Prix,N,5262260,5270855
1047,842,50,8,102964,gasly,2020 Abu Dhabi Grand Prix,N,5365224,5373802
1047,842,53,8,102474,gasly,2020 Abu Dhabi Grand Prix,N,5673188,5682970
1047,817,2,11,105912,ricciardo,2020 Abu Dhabi Grand Prix,N,219194,218755
1047,817,3,11,104878,ricciardo,2020 Abu Dhabi Grand Prix,N,324072,323657.5
1047,817,7,10,104429,ricciardo,2020 Abu Dhabi Grand Prix,N,741610,742568.5
1047,817,9,10,106233,ricciardo,2020 Abu Dhabi Grand Prix,N,953084,953084
1047,817,11,5,141882,ricciardo,2020 Abu Dhabi Grand Prix,N,1231921,1242049
1047,817,13,5,151940,ricciardo,2020 Abu Dhabi Grand Prix,N,1528408,1531078
1047,817,17,5,103372,ricciardo,2020 Abu Dhabi Grand Prix,N,1943189,1951348
1047,817,18,5,103409,ricciardo,2020 Abu Dhabi Grand Prix,N,2046598,2056374
1047,817,23,5,103197,ricciardo,2020 Abu Dhabi Grand Prix,N,2562443,2577325
1047,817,26,5,102920,ricciardo,2020 Abu Dhabi Grand Prix,N,2871233,2887746
1047,817,28,5,103163,ricciardo,2020 Abu Dhabi Grand Prix,N,3077351,3096348
1047,817,31,5,102815,ricciardo,2020 Abu Dhabi Grand Prix,N,3385889,3409488
1047,817,33,5,102390,ricciardo,2020 Abu Dhabi Grand Prix,N,3590898,3618530
1047,817,36,5,102604,ricciardo,2020 Abu Dhabi Grand Prix,N,3898175,3932044
1047,817,37,5,102974,ricciardo,2020 Abu Dhabi Grand Prix,N,4001149,4035210
1047,817,41,7,103472,ricciardo,2020 Abu Dhabi Grand Prix,N,4436653,4447093
1047,817,43,7,102238,ricciardo,2020 Abu Dhabi Grand Prix,N,4642177,4653183
1047,817,46,7,101906,ricciardo,2020 Abu Dhabi Grand Prix,N,4947112,4962079
1047,817,48,7,101742,ricciardo,2020 Abu Dhabi Grand Prix,N,5150891,5167905
1047,817,49,7,101920,ricciardo,2020 Abu Dhabi Grand Prix,N,5252811,5270855
1047,817,53,7,102566,ricciardo,2020 Abu Dhabi Grand Prix,N,5660056,5682970
1047,20,1,12,113980,vettel,2020 Abu Dhabi Grand Prix,N,113980,113004.5
1047,20,2,12,106008,vettel,2020 Abu Dhabi Grand Prix,N,219988,218755
1047,20,5,12,104846,vettel,2020 Abu Dhabi Grand Prix,N,534701,533046
1047,20,9,12,105336,vettel,2020 Abu Dhabi Grand Prix,N,955152,953084
1047,20,10,11,137108,vettel,2020 Abu Dhabi Grand Prix,N,1092260,1090039
1047,20,12,7,144933,vettel,2020 Abu Dhabi Grand Prix,N,1380006,1385364
1047,20,15,7,104226,vettel,2020 Abu Dhabi Grand Prix,N,1739290,1742186
1047,20,17,8,105963,vettel,2020 Abu Dhabi Grand Prix,N,1949310,1951348
1047,20,19,8,104135,vettel,2020 Abu Dhabi Grand Prix,N,2158063,2161686
1047,20,22,8,103541,vettel,2020 Abu Dhabi Grand Prix,N,2469595,2473686
1047,20,23,8,103753,vettel,2020 Abu Dhabi Grand Prix,N,2573348,2577325
1047,20,26,8,103954,vettel,2020 Abu Dhabi Grand Prix,N,2884794,2887746
1047,20,29,8,103880,vettel,2020 Abu Dhabi Grand Prix,N,3198372,3201153
1047,20,30,8,104083,vettel,2020 Abu Dhabi Grand Prix,N,3302455,3304938
1047,20,34,9,104641,vettel,2020 Abu Dhabi Grand Prix,N,3722127,3723012
1047,20,36,15,122555,vettel,2020 Abu Dhabi Grand Prix,N,3950854,3932044
1047,20,40,15,103530,vettel,2020 Abu Dhabi Grand Prix,N,4360512,4344073
1047,20,41,14,101983,vettel,2020 Abu Dhabi Grand Prix,N,4462495,4447093
1047,20,45,14,104710,vettel,2020 Abu Dhabi Grand Prix,N,4874091,4859148
1047,20,48,14,103273,vettel,2020 Abu Dhabi Grand Prix,N,5184024,5167905
1047,20,51,14,105724,vettel,2020 Abu Dhabi Grand Prix,N,5497007,5476713
1047,20,52,14,104527,vettel,2020 Abu Dhabi Grand Prix,N,5601534,5579893
1047,844,2,13,105693,leclerc,2020 Abu Dhabi Grand Prix,N,220215,218755
1047,844,4,13,105079,leclerc,2020 Abu Dhabi Grand Prix,N,430525,428339
1047,844,7,13,105143,leclerc,2020 Abu Dhabi Grand Prix,N,745533,742568.5
1047,844,9,13,105498,leclerc,2020 Abu Dhabi Grand Prix,N,955898,953084
1047,844,12,8,144517,leclerc,2020 Abu Dhabi Grand Prix,N,1381024,1385364
1047,844,14,9,106755,leclerc,2020 Abu Dhabi Grand Prix,N,1636866,1637444
1047,844,16,9,104576,leclerc,2020 Abu Dhabi Grand Prix,N,1846021,1846797
1047,844,19,10,106133,leclerc,2020 Abu Dhabi Grand Prix,N,2161686,2161686
1047,844,20,11,105712,leclerc,2020 Abu Dhabi Grand Prix,N,2267398,2265979
1047,844,24,19,101908,leclerc,2020 Abu Dhabi Grand Prix,N,2705890,2680634
1047,844,25,19,102762,leclerc,2020 Abu Dhabi Grand Prix,N,2808652,2784219
1047,844,28,15,102530,leclerc,2020 Abu Dhabi Grand Prix,N,3116510,3096348
1047,844,31,15,103273,leclerc,2020 Abu Dhabi Grand Prix,N,3425130,3409488
1047,844,33,15,103993,leclerc,2020 Abu Dhabi Grand Prix,N,3631977,3618530
1047,848,41,4,101510,albon,2020 Abu Dhabi Grand Prix,N,4385183,4447093
1047,848,43,4,101443,albon,2020 Abu Dhabi Grand Prix,N,4587853,4653183
1047,848,45,4,101353,albon,2020 Abu Dhabi Grand Prix,N,4790880,4859148
1047,848,49,4,101753,albon,2020 Abu Dhabi Grand Prix,N,5197408,5270855
1047,848,50,4,101968,albon,2020 Abu Dhabi Grand Prix,N,5299376,5373802
1047,848,52,4,101636,albon,2020 Abu Dhabi Grand Prix,N,5502595,5579893
1047,848,54,4,101674,albon,2020 Abu Dhabi Grand Prix,N,5706278,5785959
1047,832,2,6,104726,sainz,2020 Abu Dhabi Grand Prix,N,214345,218755
1047,832,4,6,104272,sainz,2020 Abu Dhabi Grand Prix,N,422963,428339
1047,832,6,6,104631,sainz,2020 Abu Dhabi Grand Prix,N,631963,637896
1047,832,9,6,104390,sainz,2020 Abu Dhabi Grand Prix,N,945839,953084
1047,832,13,9,147429,sainz,2020 Abu Dhabi Grand Prix,N,1530560,1531078
1047,832,16,8,103837,sainz,2020 Abu Dhabi Grand Prix,N,1844257,1846797
1047,832,18,7,104124,sainz,2020 Abu Dhabi Grand Prix,N,2052171,2056374
1047,832,20,7,103584,sainz,2020 Abu Dhabi Grand Prix,N,2259547,2265979
1047,832,21,7,103504,sainz,2020 Abu Dhabi Grand Prix,N,2363051,2369940
1047,832,25,7,103176,sainz,2020 Abu Dhabi Grand Prix,N,2776691,2784219
1047,832,27,7,103128,sainz,2020 Abu Dhabi Grand Prix,N,2983060,2991990
1047,832,28,7,103284,sainz,2020 Abu Dhabi Grand Prix,N,3086344,3096348
1047,832,32,7,102821,sainz,2020 Abu Dhabi Grand Prix,N,3498000,3514274
1047,832,34,7,102551,sainz,2020 Abu Dhabi Grand Prix,N,3703229,3723012
1047,832,35,7,102369,sainz,2020 Abu Dhabi Grand Prix,N,3805598,3828182
1047,832,39,7,102426,sainz,2020 Abu Dhabi Grand Prix,N,4215689,4241137
1047,832,41,6,102425,sainz,2020 Abu Dhabi Grand Prix,N,4420468,4447093
1047,832,42,6,102524,sainz,2020 Abu Dhabi Grand Prix,N,4522992,4550223
1047,832,46,6,102396,sainz,2020 Abu Dhabi Grand Prix,N,4933215,4962079
1047,832,48,6,101947,sainz,2020 Abu Dhabi Grand Prix,N,5137736,5167905
1047,832,49,6,102393,sainz,2020 Abu Dhabi Grand Prix,N,5240129,5270855
1047,832,53,6,102426,sainz,2020 Abu Dhabi Grand Prix,N,5649449,5682970
1047,832,55,6,102479,sainz,2020 Abu Dhabi Grand Prix,N,5854307,5851840.5
1047,826,1,7,110426,kvyat,2020 Abu Dhabi Grand Prix,N,110426,113004.5
1047,826,4,7,104544,kvyat,2020 Abu Dhabi Grand Prix,N,424435,428339
1047,826,7,7,104781,kvyat,2020 Abu Dhabi Grand Prix,N,738577,742568.5
1047,826,10,9,137188,kvyat,2020 Abu Dhabi Grand Prix,Y,1089641,1090039
1047,826,11,14,161628,kvyat,2020 Abu Dhabi Grand Prix,N,1251269,1242049
1047,826,14,14,107073,kvyat,2020 Abu Dhabi Grand Prix,N,1640075,1637444
1047,826,17,13,104144,kvyat,2020 Abu Dhabi Grand Prix,N,1954671,1951348
1047,826,18,13,104707,kvyat,2020 Abu Dhabi Grand Prix,N,2059378,2056374
1047,826,21,13,105332,kvyat,2020 Abu Dhabi Grand Prix,N,2374629,2369940
1047,826,24,12,103255,kvyat,2020 Abu Dhabi Grand Prix,N,2686768,2680634
1047,826,25,12,103497,kvyat,2020 Abu Dhabi Grand Prix,N,2790265,2784219
1047,826,28,12,103361,kvyat,2020 Abu Dhabi Grand Prix,N,3100432,3096348
1047,826,31,12,104166,kvyat,2020 Abu Dhabi Grand Prix,N,3411959,3409488
1047,826,32,12,104204,kvyat,2020 Abu Dhabi Grand Prix,N,3516163,3514274
1047,826,38,11,103430,kvyat,2020 Abu Dhabi Grand Prix,N,4140186,4138241
1047,826,39,11,102906,kvyat,2020 Abu Dhabi Grand Prix,N,4243092,4241137
1047,826,41,11,102788,kvyat,2020 Abu Dhabi Grand Prix,N,4448780,4447093
1047,826,45,11,103118,kvyat,2020 Abu Dhabi Grand Prix,N,4861164,4859148
1047,826,46,11,102788,kvyat,2020 Abu Dhabi Grand Prix,N,4963952,4962079
1047,826,49,11,103119,kvyat,2020 Abu Dhabi Grand Prix,N,5272760,5270855
1047,826,52,11,103045,kvyat,2020 Abu Dhabi Grand Prix,N,5581692,5579893
1047,826,53,11,103437,kvyat,2020 Abu Dhabi Grand Prix,N,5685129,5682970
1047,840,2,8,105211,stroll,2020 Abu Dhabi Grand Prix,N,216366,218755
1047,8,39,12,103211,raikkonen,2020 Abu Dhabi Grand Prix,N,4248766,4241137
1047,8,40,12,103672,raikkonen,2020 Abu Dhabi Grand Prix,N,4352438,4344073
1047,8,45,12,102657,raikkonen,2020 Abu Dhabi Grand Prix,N,4867365,4859148
1047,8,46,12,102869,raikkonen,2020 Abu Dhabi Grand Prix,N,4970234,4962079
1047,8,51,12,104854,raikkonen,2020 Abu Dhabi Grand Prix,N,5485241,5476713
1047,841,4,15,105375,giovinazzi,2020 Abu Dhabi Grand Prix,N,433494,428339
1047,841,7,16,105724,giovinazzi,2020 Abu Dhabi Grand Prix,N,751609,742568.5
1047,841,11,12,142078,giovinazzi,2020 Abu Dhabi Grand Prix,N,1246604,1242049
1047,841,14,12,106987,giovinazzi,2020 Abu Dhabi Grand Prix,N,1639013,1637444
1047,841,16,14,106017,giovinazzi,2020 Abu Dhabi Grand Prix,N,1851953,1846797
1047,841,20,15,105375,giovinazzi,2020 Abu Dhabi Grand Prix,N,2274050,2265979
1047,841,23,15,105724,giovinazzi,2020 Abu Dhabi Grand Prix,N,2592273,2577325
1047,841,28,19,123049,giovinazzi,2020 Abu Dhabi Grand Prix,N,3137468,3096348
1047,841,29,19,101675,giovinazzi,2020 Abu Dhabi Grand Prix,N,3239143,3201153
1047,841,34,17,102571,giovinazzi,2020 Abu Dhabi Grand Prix,N,3751859,3723012
1047,841,35,17,102747,giovinazzi,2020 Abu Dhabi Grand Prix,N,3854606,3828182
1047,841,39,16,102437,giovinazzi,2020 Abu Dhabi Grand Prix,N,4267624,4241137
1047,841,42,16,102495,giovinazzi,2020 Abu Dhabi Grand Prix,N,4574876,4550223
1047,841,46,16,103064,giovinazzi,2020 Abu Dhabi Grand Prix,N,4990648,4962079
1047,841,51,16,103674,giovinazzi,2020 Abu Dhabi Grand Prix,N,5510722,5476713
1047,841,52,16,104230,giovinazzi,2020 Abu Dhabi Grand Prix,N,5614952,5579893
1047,847,2,16,107476,russell,2020 Abu Dhabi Grand Prix,N,223978,218755
1047,847,4,16,105619,russell,2020 Abu Dhabi Grand Prix,N,435789,428339
1047,847,7,17,105834,russell,2020 Abu Dhabi Grand Prix,N,754883,742568.5
1047,844,36,13,102537,leclerc,2020 Abu Dhabi Grand Prix,N,3940029,3932044
1047,844,39,13,103195,leclerc,2020 Abu Dhabi Grand Prix,N,4249458,4241137
1047,844,40,13,103832,leclerc,2020 Abu Dhabi Grand Prix,N,4353290,4344073
1047,844,45,13,102825,leclerc,2020 Abu Dhabi Grand Prix,N,4868304,4859148
1047,844,48,13,105367,leclerc,2020 Abu Dhabi Grand Prix,N,5179708,5167905
1047,844,52,13,103120,leclerc,2020 Abu Dhabi Grand Prix,N,5591892,5579893
1047,844,54,13,104464,leclerc,2020 Abu Dhabi Grand Prix,N,5802721,5785959
1047,8,4,14,105230,raikkonen,2020 Abu Dhabi Grand Prix,N,431516,428339
1047,8,5,14,105326,raikkonen,2020 Abu Dhabi Grand Prix,N,536842,533046
1047,8,9,14,106348,raikkonen,2020 Abu Dhabi Grand Prix,N,961049,953084
1047,8,11,16,158295,raikkonen,2020 Abu Dhabi Grand Prix,N,1259970,1242049
1047,8,15,15,106572,raikkonen,2020 Abu Dhabi Grand Prix,N,1747431,1742186
1047,8,19,14,104927,raikkonen,2020 Abu Dhabi Grand Prix,N,2166918,2161686
1047,8,20,14,104789,raikkonen,2020 Abu Dhabi Grand Prix,N,2271707,2265979
1047,8,24,13,104412,raikkonen,2020 Abu Dhabi Grand Prix,N,2690982,2680634
1047,8,29,13,104361,raikkonen,2020 Abu Dhabi Grand Prix,N,3212348,3201153
1047,8,31,13,103804,raikkonen,2020 Abu Dhabi Grand Prix,N,3420175,3409488
1047,847,13,17,126430,russell,2020 Abu Dhabi Grand Prix,N,1534729,1531078
1047,847,14,17,108307,russell,2020 Abu Dhabi Grand Prix,N,1643036,1637444
1047,847,17,16,105325,russell,2020 Abu Dhabi Grand Prix,N,1959484,1951348
1047,847,20,16,105237,russell,2020 Abu Dhabi Grand Prix,N,2274997,2265979
1047,847,21,16,105282,russell,2020 Abu Dhabi Grand Prix,N,2380279,2369940
1047,847,25,14,104105,russell,2020 Abu Dhabi Grand Prix,N,2798218,2784219
1047,847,28,14,104157,russell,2020 Abu Dhabi Grand Prix,N,3110841,3096348
1047,847,32,14,103846,russell,2020 Abu Dhabi Grand Prix,N,3527011,3514274
1047,847,34,15,105820,russell,2020 Abu Dhabi Grand Prix,N,3736977,3723012
1047,847,37,14,103669,russell,2020 Abu Dhabi Grand Prix,N,4049265,4035210
1047,847,39,14,103523,russell,2020 Abu Dhabi Grand Prix,N,4256174,4241137
1047,847,40,14,103762,russell,2020 Abu Dhabi Grand Prix,N,4359936,4344073
1047,847,44,15,103610,russell,2020 Abu Dhabi Grand Prix,N,4778158,4756184
1047,847,47,15,103694,russell,2020 Abu Dhabi Grand Prix,N,5093259,5064973
1047,847,49,15,103356,russell,2020 Abu Dhabi Grand Prix,N,5302390,5270855
1047,847,51,15,103359,russell,2020 Abu Dhabi Grand Prix,N,5509390,5476713
1047,847,53,15,103671,russell,2020 Abu Dhabi Grand Prix,N,5717702,5682970
1047,825,2,17,107811,kevin_magnussen,2020 Abu Dhabi Grand Prix,N,224965,218755
1047,825,6,18,106403,kevin_magnussen,2020 Abu Dhabi Grand Prix,N,650270,637896
1047,825,7,18,106083,kevin_magnussen,2020 Abu Dhabi Grand Prix,N,756353,742568.5
1047,825,11,15,143043,kevin_magnussen,2020 Abu Dhabi Grand Prix,N,1254843,1242049
1047,825,13,15,136637,kevin_magnussen,2020 Abu Dhabi Grand Prix,N,1533689,1531078
1047,825,17,17,105717,kevin_magnussen,2020 Abu Dhabi Grand Prix,N,1961506,1951348
1047,825,18,17,105521,kevin_magnussen,2020 Abu Dhabi Grand Prix,N,2067027,2056374
1047,825,22,17,105596,kevin_magnussen,2020 Abu Dhabi Grand Prix,N,2488465,2473686
1047,825,24,16,105347,kevin_magnussen,2020 Abu Dhabi Grand Prix,N,2699303,2680634
1047,825,28,17,107228,kevin_magnussen,2020 Abu Dhabi Grand Prix,N,3123395,3096348
1047,825,29,17,106283,kevin_magnussen,2020 Abu Dhabi Grand Prix,N,3229678,3201153
1047,825,33,19,102263,kevin_magnussen,2020 Abu Dhabi Grand Prix,N,3671048,3618530
1047,825,36,18,105613,kevin_magnussen,2020 Abu Dhabi Grand Prix,N,3981830,3932044
1047,825,37,18,103369,kevin_magnussen,2020 Abu Dhabi Grand Prix,N,4085199,4035210
1047,825,41,18,104736,kevin_magnussen,2020 Abu Dhabi Grand Prix,N,4501041,4447093
1047,825,43,18,106250,kevin_magnussen,2020 Abu Dhabi Grand Prix,N,4712525,4653183
1047,825,46,18,108054,kevin_magnussen,2020 Abu Dhabi Grand Prix,N,5034064,4962079
1047,825,48,19,123079,kevin_magnussen,2020 Abu Dhabi Grand Prix,N,5266669,5167905
1047,825,52,18,102165,kevin_magnussen,2020 Abu Dhabi Grand Prix,N,5674865,5579893
1047,825,53,18,102609,kevin_magnussen,2020 Abu Dhabi Grand Prix,N,5777474,5682970
1047,850,3,19,107006,pietro_fittipaldi,2020 Abu Dhabi Grand Prix,N,332693,323657.5
1047,850,5,19,106498,pietro_fittipaldi,2020 Abu Dhabi Grand Prix,N,545261,533046
1047,850,9,18,109150,pietro_fittipaldi,2020 Abu Dhabi Grand Prix,N,974293,953084
1047,850,11,19,164251,pietro_fittipaldi,2020 Abu Dhabi Grand Prix,N,1282520,1242049
1047,850,15,19,106398,pietro_fittipaldi,2020 Abu Dhabi Grand Prix,N,1750978,1742186
1047,850,16,19,106153,pietro_fittipaldi,2020 Abu Dhabi Grand Prix,N,1857131,1846797
1047,850,20,19,106169,pietro_fittipaldi,2020 Abu Dhabi Grand Prix,N,2280820,2265979
1047,850,22,19,105746,pietro_fittipaldi,2020 Abu Dhabi Grand Prix,N,2492252,2473686
1047,850,26,19,105978,pietro_fittipaldi,2020 Abu Dhabi Grand Prix,N,2914100,2887746
1047,850,27,19,105135,pietro_fittipaldi,2020 Abu Dhabi Grand Prix,N,3019235,2991990
1047,850,31,17,105304,pietro_fittipaldi,2020 Abu Dhabi Grand Prix,N,3440483,3409488
1047,850,33,18,106001,pietro_fittipaldi,2020 Abu Dhabi Grand Prix,N,3651721,3618530
1047,850,37,19,103243,pietro_fittipaldi,2020 Abu Dhabi Grand Prix,N,4100773,4035210
1047,850,39,19,104592,pietro_fittipaldi,2020 Abu Dhabi Grand Prix,N,4309154,4241137
1047,850,43,19,106408,pietro_fittipaldi,2020 Abu Dhabi Grand Prix,N,4731216,4653183
1047,850,44,19,105472,pietro_fittipaldi,2020 Abu Dhabi Grand Prix,N,4836688,4756184
1047,850,48,18,108619,pietro_fittipaldi,2020 Abu Dhabi Grand Prix,Y,5263861,5167905
1047,850,50,19,101707,pietro_fittipaldi,2020 Abu Dhabi Grand Prix,N,5490238,5373802
1047,849,1,19,118259,latifi,2020 Abu Dhabi Grand Prix,N,118259,113004.5
1047,849,2,20,108696,latifi,2020 Abu Dhabi Grand Prix,N,226955,218755
1047,849,4,20,106472,latifi,2020 Abu Dhabi Grand Prix,N,440095,428339
1047,849,8,20,106800,latifi,2020 Abu Dhabi Grand Prix,N,866682,847786.5
1047,849,9,19,110998,latifi,2020 Abu Dhabi Grand Prix,N,977680,953084
1047,849,12,18,156183,latifi,2020 Abu Dhabi Grand Prix,N,1418100,1385364
1047,849,16,18,106361,latifi,2020 Abu Dhabi Grand Prix,N,1856495,1846797
1047,849,19,18,105913,latifi,2020 Abu Dhabi Grand Prix,N,2173724,2161686
1047,849,20,18,106089,latifi,2020 Abu Dhabi Grand Prix,N,2279813,2265979
1047,849,24,17,105086,latifi,2020 Abu Dhabi Grand Prix,N,2700402,2680634
1047,849,26,17,105032,latifi,2020 Abu Dhabi Grand Prix,N,2910577,2887746
1047,849,27,18,106248,latifi,2020 Abu Dhabi Grand Prix,N,3016825,2991990
1047,849,31,16,104147,latifi,2020 Abu Dhabi Grand Prix,N,3436084,3409488
1047,849,33,16,104058,latifi,2020 Abu Dhabi Grand Prix,N,3644346,3618530
1047,849,36,17,123180,latifi,2020 Abu Dhabi Grand Prix,N,3977329,3932044
1047,849,38,17,102786,latifi,2020 Abu Dhabi Grand Prix,N,4185146,4138241
1047,849,39,17,102773,latifi,2020 Abu Dhabi Grand Prix,N,4287919,4241137
1047,849,43,17,102592,latifi,2020 Abu Dhabi Grand Prix,N,4699783,4653183
1047,849,45,17,102938,latifi,2020 Abu Dhabi Grand Prix,N,4905359,4859148
1047,849,47,17,102607,latifi,2020 Abu Dhabi Grand Prix,N,5110557,5064973
1047,849,50,17,102958,latifi,2020 Abu Dhabi Grand Prix,N,5418854,5373802
1047,849,53,17,103087,latifi,2020 Abu Dhabi Grand Prix,N,5728268,5682970
1047,849,54,17,103294,latifi,2020 Abu Dhabi Grand Prix,N,5831562,5785959
1047,815,4,17,104762,perez,2020 Abu Dhabi Grand Prix,N,436632,428339
1047,815,6,15,103263,perez,2020 Abu Dhabi Grand Prix,N,643681,637896
1047,815,7,15,105123,perez,2020 Abu Dhabi Grand Prix,N,748804,742568.5
1047,840,3,8,104594,stroll,2020 Abu Dhabi Grand Prix,N,320960,323657.5
1047,840,6,8,104690,stroll,2020 Abu Dhabi Grand Prix,N,634717,637896
1047,840,9,7,104565,stroll,2020 Abu Dhabi Grand Prix,N,948302,953084
1047,840,10,7,134461,stroll,2020 Abu Dhabi Grand Prix,Y,1082763,1090039
1047,840,12,10,143315,stroll,2020 Abu Dhabi Grand Prix,N,1385364,1385364
1047,840,16,10,104611,stroll,2020 Abu Dhabi Grand Prix,N,1846797,1846797
1047,840,17,10,104551,stroll,2020 Abu Dhabi Grand Prix,N,1951348,1951348
1047,840,19,9,103764,stroll,2020 Abu Dhabi Grand Prix,N,2160138,2161686
1047,840,22,9,103635,stroll,2020 Abu Dhabi Grand Prix,N,2471457,2473686
1047,840,25,9,104213,stroll,2020 Abu Dhabi Grand Prix,N,2782955,2784219
1047,840,27,9,104652,stroll,2020 Abu Dhabi Grand Prix,N,2991104,2991990
1047,840,29,10,105703,stroll,2020 Abu Dhabi Grand Prix,N,3201153,3201153
1047,840,31,10,104550,stroll,2020 Abu Dhabi Grand Prix,N,3409488,3409488
1047,840,33,10,104256,stroll,2020 Abu Dhabi Grand Prix,N,3618530,3618530
1047,840,36,9,103383,stroll,2020 Abu Dhabi Grand Prix,N,3930676,3932044
1047,840,39,9,102690,stroll,2020 Abu Dhabi Grand Prix,N,4238798,4241137
1047,840,40,9,102811,stroll,2020 Abu Dhabi Grand Prix,N,4341609,4344073
1047,840,42,9,104870,stroll,2020 Abu Dhabi Grand Prix,N,4548345,4550223
1047,840,46,9,102971,stroll,2020 Abu Dhabi Grand Prix,N,4959773,4962079
1047,840,47,9,102968,stroll,2020 Abu Dhabi Grand Prix,N,5062741,5064973
1047,840,49,9,103436,stroll,2020 Abu Dhabi Grand Prix,N,5269069,5270855
1047,840,53,9,103325,stroll,2020 Abu Dhabi Grand Prix,N,5681932,5682970
1047,840,54,9,103557,stroll,2020 Abu Dhabi Grand Prix,N,5785489,5785959
1047,839,1,9,112035,ocon,2020 Abu Dhabi Grand Prix,N,112035,113004.5
1047,839,5,10,104597,ocon,2020 Abu Dhabi Grand Prix,N,532536,533046
1047,839,6,11,106075,ocon,2020 Abu Dhabi Grand Prix,N,638611,637896
1047,839,8,11,105195,ocon,2020 Abu Dhabi Grand Prix,N,848722,847786.5
1047,839,11,13,155304,ocon,2020 Abu Dhabi Grand Prix,N,1248182,1242049
1047,839,15,12,105056,ocon,2020 Abu Dhabi Grand Prix,N,1744482,1742186
1047,839,18,12,104854,ocon,2020 Abu Dhabi Grand Prix,N,2058237,2056374
1047,839,19,12,104921,ocon,2020 Abu Dhabi Grand Prix,N,2163158,2161686
1047,839,23,11,103652,ocon,2020 Abu Dhabi Grand Prix,N,2581144,2577325
1047,839,25,11,103331,ocon,2020 Abu Dhabi Grand Prix,N,2787877,2784219
1047,839,26,11,103704,ocon,2020 Abu Dhabi Grand Prix,N,2891581,2887746
1047,839,28,11,103654,ocon,2020 Abu Dhabi Grand Prix,N,3098818,3096348
1047,839,32,11,104546,ocon,2020 Abu Dhabi Grand Prix,N,3515076,3514274
1047,839,34,11,104323,ocon,2020 Abu Dhabi Grand Prix,N,3723786,3723012
1047,839,35,10,104396,ocon,2020 Abu Dhabi Grand Prix,N,3828182,3828182
1047,8,8,15,106553,raikkonen,2020 Abu Dhabi Grand Prix,N,854701,847786.5
1047,8,12,16,141753,raikkonen,2020 Abu Dhabi Grand Prix,N,1401723,1385364
1047,8,21,14,105282,raikkonen,2020 Abu Dhabi Grand Prix,N,2376989,2369940
1047,8,26,13,104011,raikkonen,2020 Abu Dhabi Grand Prix,N,2899366,2887746
1047,8,35,13,103412,raikkonen,2020 Abu Dhabi Grand Prix,N,3834820,3828182
1047,8,38,12,103665,raikkonen,2020 Abu Dhabi Grand Prix,N,4145555,4138241
1047,8,47,12,102414,raikkonen,2020 Abu Dhabi Grand Prix,N,5072648,5064973
1047,825,35,18,102797,kevin_magnussen,2020 Abu Dhabi Grand Prix,N,3876217,3828182
1047,825,47,18,109526,kevin_magnussen,2020 Abu Dhabi Grand Prix,Y,5143590,5064973
1047,850,6,19,106442,pietro_fittipaldi,2020 Abu Dhabi Grand Prix,N,651703,637896
1047,850,17,19,106148,pietro_fittipaldi,2020 Abu Dhabi Grand Prix,N,1963279,1951348
1047,844,35,14,102424,leclerc,2020 Abu Dhabi Grand Prix,N,3837492,3828182
1047,8,2,14,106177,raikkonen,2020 Abu Dhabi Grand Prix,N,221086,218755
1047,8,22,14,105043,raikkonen,2020 Abu Dhabi Grand Prix,N,2482032,2473686
1047,8,52,12,102403,raikkonen,2020 Abu Dhabi Grand Prix,N,5587644,5579893
1047,830,6,1,102562,max_verstappen,2020 Abu Dhabi Grand Prix,N,615996,637896
1047,830,16,1,101315,max_verstappen,2020 Abu Dhabi Grand Prix,N,1829259,1846797
1047,830,21,1,101462,max_verstappen,2020 Abu Dhabi Grand Prix,N,2336702,2369940
1047,841,8,16,105605,giovinazzi,2020 Abu Dhabi Grand Prix,N,857214,847786.5
1047,841,13,12,143229,giovinazzi,2020 Abu Dhabi Grand Prix,N,1532026,1531078
1047,841,17,15,106386,giovinazzi,2020 Abu Dhabi Grand Prix,N,1958339,1951348
1047,841,27,16,106790,giovinazzi,2020 Abu Dhabi Grand Prix,Y,3014419,2991990
1047,841,31,18,102932,giovinazzi,2020 Abu Dhabi Grand Prix,N,3444130,3409488
1047,841,41,16,102317,giovinazzi,2020 Abu Dhabi Grand Prix,N,4472381,4447093
1047,841,45,16,107125,giovinazzi,2020 Abu Dhabi Grand Prix,N,4887584,4859148
1047,842,20,10,103650,gasly,2020 Abu Dhabi Grand Prix,N,2265979,2265979
1047,842,24,10,103309,gasly,2020 Abu Dhabi Grand Prix,N,2680634,2680634
1047,842,34,8,103135,gasly,2020 Abu Dhabi Grand Prix,N,3716441,3723012
1047,842,38,8,102960,gasly,2020 Abu Dhabi Grand Prix,N,4128092,4138241
1047,842,48,8,102962,gasly,2020 Abu Dhabi Grand Prix,N,5158837,5167905
1047,842,52,8,102735,gasly,2020 Abu Dhabi Grand Prix,N,5570714,5579893
1047,844,42,13,103158,leclerc,2020 Abu Dhabi Grand Prix,N,4559595,4550223
1047,844,47,13,102777,leclerc,2020 Abu Dhabi Grand Prix,N,5074341,5064973
1047,847,1,16,116502,russell,2020 Abu Dhabi Grand Prix,N,116502,113004.5
1047,848,20,4,102192,albon,2020 Abu Dhabi Grand Prix,N,2245682,2265979
1047,848,24,4,102213,albon,2020 Abu Dhabi Grand Prix,N,2653954,2680634
1047,848,34,4,102145,albon,2020 Abu Dhabi Grand Prix,N,3672982,3723012
1047,825,44,18,106581,kevin_magnussen,2020 Abu Dhabi Grand Prix,N,4819106,4756184
1047,825,50,18,101999,kevin_magnussen,2020 Abu Dhabi Grand Prix,N,5470673,5373802
1047,850,7,19,106510,pietro_fittipaldi,2020 Abu Dhabi Grand Prix,N,758213,742568.5
1047,850,12,19,142086,pietro_fittipaldi,2020 Abu Dhabi Grand Prix,N,1424606,1385364
1047,850,24,18,105257,pietro_fittipaldi,2020 Abu Dhabi Grand Prix,N,2702716,2680634
1047,850,30,17,104796,pietro_fittipaldi,2020 Abu Dhabi Grand Prix,N,3335179,3304938
1047,850,36,19,102960,pietro_fittipaldi,2020 Abu Dhabi Grand Prix,N,3997530,3932044
1047,850,47,19,107183,pietro_fittipaldi,2020 Abu Dhabi Grand Prix,N,5155242,5064973
1047,850,53,19,102650,pietro_fittipaldi,2020 Abu Dhabi Grand Prix,N,5798988,5682970
1047,849,11,17,142720,latifi,2020 Abu Dhabi Grand Prix,Y,1261917,1242049
1047,849,17,18,105837,latifi,2020 Abu Dhabi Grand Prix,N,1962332,1951348
1047,849,23,17,105077,latifi,2020 Abu Dhabi Grand Prix,N,2595316,2577325
1047,849,34,16,104194,latifi,2020 Abu Dhabi Grand Prix,N,3748540,3723012
1047,849,40,17,103593,latifi,2020 Abu Dhabi Grand Prix,N,4391512,4344073
1047,849,51,17,103368,latifi,2020 Abu Dhabi Grand Prix,N,5522222,5476713
1047,815,3,18,105701,perez,2020 Abu Dhabi Grand Prix,N,331870,323657.5
1047,822,1,2,105274,bottas,2020 Abu Dhabi Grand Prix,N,105274,113004.5
1047,822,20,2,101919,bottas,2020 Abu Dhabi Grand Prix,N,2239085,2265979
1047,826,43,11,103148,kvyat,2020 Abu Dhabi Grand Prix,N,4654881,4653183
1047,847,16,16,104923,russell,2020 Abu Dhabi Grand Prix,N,1854159,1846797
1047,847,36,14,104199,russell,2020 Abu Dhabi Grand Prix,N,3945596,3932044
1047,825,5,18,106137,kevin_magnussen,2020 Abu Dhabi Grand Prix,N,543867,533046
1047,825,16,17,107117,kevin_magnussen,2020 Abu Dhabi Grand Prix,N,1855789,1846797
1047,825,27,17,106332,kevin_magnussen,2020 Abu Dhabi Grand Prix,N,3016167,2991990
1047,830,1,1,103833,max_verstappen,2020 Abu Dhabi Grand Prix,N,103833,113004.5
1047,830,25,1,101653,max_verstappen,2020 Abu Dhabi Grand Prix,N,2742584,2784219
1047,842,29,9,103624,gasly,2020 Abu Dhabi Grand Prix,N,3199972,3201153
1047,842,43,8,103167,gasly,2020 Abu Dhabi Grand Prix,N,4644977,4653183
1047,848,10,4,130847,albon,2020 Abu Dhabi Grand Prix,Y,1068352,1090039
1047,848,29,4,101983,albon,2020 Abu Dhabi Grand Prix,N,3163852,3201153
1047,839,52,10,103180,ocon,2020 Abu Dhabi Grand Prix,N,5579893,5579893
1047,842,21,10,103961,gasly,2020 Abu Dhabi Grand Prix,N,2369940,2369940
1047,842,37,8,102868,gasly,2020 Abu Dhabi Grand Prix,N,4025132,4035210
1047,8,36,12,103711,raikkonen,2020 Abu Dhabi Grand Prix,N,3938531,3932044
1047,8,42,12,103161,raikkonen,2020 Abu Dhabi Grand Prix,N,4558918,4550223
1047,8,48,12,102891,raikkonen,2020 Abu Dhabi Grand Prix,N,5175539,5167905
1047,8,54,12,104382,raikkonen,2020 Abu Dhabi Grand Prix,N,5794174,5785959
1047,841,6,16,106616,giovinazzi,2020 Abu Dhabi Grand Prix,N,645885,637896
1047,841,12,12,142193,giovinazzi,2020 Abu Dhabi Grand Prix,N,1388797,1385364
1047,841,18,15,105262,giovinazzi,2020 Abu Dhabi Grand Prix,N,2063601,2056374
1047,841,24,15,105392,giovinazzi,2020 Abu Dhabi Grand Prix,N,2697665,2680634
1047,841,30,19,102055,giovinazzi,2020 Abu Dhabi Grand Prix,N,3341198,3304938
1047,841,37,16,104874,giovinazzi,2020 Abu Dhabi Grand Prix,N,4062214,4035210
1047,841,43,16,102523,giovinazzi,2020 Abu Dhabi Grand Prix,N,4677399,4653183
1047,841,49,16,103708,giovinazzi,2020 Abu Dhabi Grand Prix,N,5303552,5270855
1047,847,3,16,106192,russell,2020 Abu Dhabi Grand Prix,N,330170,323657.5
1047,844,41,13,103147,leclerc,2020 Abu Dhabi Grand Prix,N,4456437,4447093
1047,844,49,13,103126,leclerc,2020 Abu Dhabi Grand Prix,N,5282834,5270855
1047,8,7,14,105939,raikkonen,2020 Abu Dhabi Grand Prix,N,748148,742568.5
1047,8,14,15,106828,raikkonen,2020 Abu Dhabi Grand Prix,N,1640859,1637444
1047,8,28,13,104112,raikkonen,2020 Abu Dhabi Grand Prix,N,3107987,3096348
1047,8,34,13,103861,raikkonen,2020 Abu Dhabi Grand Prix,N,3731408,3723012
1047,825,38,18,103467,kevin_magnussen,2020 Abu Dhabi Grand Prix,N,4188666,4138241
1047,825,42,18,105234,kevin_magnussen,2020 Abu Dhabi Grand Prix,N,4606275,4550223
1047,825,51,18,102027,kevin_magnussen,2020 Abu Dhabi Grand Prix,N,5572700,5476713
1047,825,54,18,102913,kevin_magnussen,2020 Abu Dhabi Grand Prix,N,5880387,5785959
1047,850,4,19,106070,pietro_fittipaldi,2020 Abu Dhabi Grand Prix,N,438763,428339
1047,850,10,18,143976,pietro_fittipaldi,2020 Abu Dhabi Grand Prix,Y,1118269,1090039
1047,850,14,19,106939,pietro_fittipaldi,2020 Abu Dhabi Grand Prix,N,1644580,1637444
1047,850,21,19,105686,pietro_fittipaldi,2020 Abu Dhabi Grand Prix,N,2386506,2369940
1047,850,25,18,105406,pietro_fittipaldi,2020 Abu Dhabi Grand Prix,N,2808122,2784219
1047,850,28,18,105419,pietro_fittipaldi,2020 Abu Dhabi Grand Prix,N,3124654,3096348
1047,850,32,17,105237,pietro_fittipaldi,2020 Abu Dhabi Grand Prix,N,3545720,3514274
1047,850,34,18,110451,pietro_fittipaldi,2020 Abu Dhabi Grand Prix,Y,3762172,3723012
1047,850,42,19,104528,pietro_fittipaldi,2020 Abu Dhabi Grand Prix,N,4624808,4550223
1047,850,45,19,105819,pietro_fittipaldi,2020 Abu Dhabi Grand Prix,N,4942507,4859148
1047,850,49,19,124670,pietro_fittipaldi,2020 Abu Dhabi Grand Prix,N,5388531,5270855
1047,849,7,20,106600,latifi,2020 Abu Dhabi Grand Prix,N,759882,742568.5
1047,849,14,18,108423,latifi,2020 Abu Dhabi Grand Prix,N,1643761,1637444
1047,849,29,16,105032,latifi,2020 Abu Dhabi Grand Prix,N,3227084,3201153
1047,849,35,16,105609,latifi,2020 Abu Dhabi Grand Prix,Y,3854149,3828182
1047,849,49,17,102497,latifi,2020 Abu Dhabi Grand Prix,N,5315896,5270855
1047,815,2,19,107554,perez,2020 Abu Dhabi Grand Prix,N,226169,218755
1047,8,41,12,103319,raikkonen,2020 Abu Dhabi Grand Prix,N,4455757,4447093
1047,841,3,15,105538,giovinazzi,2020 Abu Dhabi Grand Prix,N,328119,323657.5
1047,841,10,15,141133,giovinazzi,2020 Abu Dhabi Grand Prix,N,1104526,1090039
1047,841,26,15,105004,giovinazzi,2020 Abu Dhabi Grand Prix,N,2907629,2887746
1047,841,33,17,102312,giovinazzi,2020 Abu Dhabi Grand Prix,N,3649288,3618530
1047,841,48,16,105728,giovinazzi,2020 Abu Dhabi Grand Prix,N,5199844,5167905
1047,841,54,16,103553,giovinazzi,2020 Abu Dhabi Grand Prix,N,5822381,5785959
1047,847,8,17,105771,russell,2020 Abu Dhabi Grand Prix,N,860654,847786.5
1047,844,43,13,103088,leclerc,2020 Abu Dhabi Grand Prix,N,4662683,4653183
1047,844,50,13,102945,leclerc,2020 Abu Dhabi Grand Prix,N,5385779,5373802
1047,8,3,14,105200,raikkonen,2020 Abu Dhabi Grand Prix,N,326286,323657.5
1047,8,18,14,105196,raikkonen,2020 Abu Dhabi Grand Prix,N,2061991,2056374
1047,8,25,13,104373,raikkonen,2020 Abu Dhabi Grand Prix,N,2795355,2784219
1047,847,18,16,105409,russell,2020 Abu Dhabi Grand Prix,N,2064893,2056374
1047,847,24,14,104297,russell,2020 Abu Dhabi Grand Prix,N,2694113,2680634
1047,847,35,15,104420,russell,2020 Abu Dhabi Grand Prix,N,3841397,3828182
1047,847,41,15,104744,russell,2020 Abu Dhabi Grand Prix,N,4464680,4447093
1047,847,52,15,104641,russell,2020 Abu Dhabi Grand Prix,N,5614031,5579893
1047,825,4,18,106465,kevin_magnussen,2020 Abu Dhabi Grand Prix,N,437730,428339
1047,825,15,16,106448,kevin_magnussen,2020 Abu Dhabi Grand Prix,N,1748672,1742186
1047,825,21,17,105306,kevin_magnussen,2020 Abu Dhabi Grand Prix,N,2382869,2369940
1047,825,26,16,105133,kevin_magnussen,2020 Abu Dhabi Grand Prix,N,2909835,2887746
1047,847,10,16,142381,russell,2020 Abu Dhabi Grand Prix,Y,1108879,1090039
1047,847,22,15,104718,russell,2020 Abu Dhabi Grand Prix,N,2484997,2473686
1047,847,30,14,103855,russell,2020 Abu Dhabi Grand Prix,N,3318566,3304938
1047,847,42,15,105804,russell,2020 Abu Dhabi Grand Prix,N,4570484,4550223
1047,847,48,15,105775,russell,2020 Abu Dhabi Grand Prix,N,5199034,5167905
1047,825,1,17,117154,kevin_magnussen,2020 Abu Dhabi Grand Prix,N,117154,113004.5
1047,825,8,18,105832,kevin_magnussen,2020 Abu Dhabi Grand Prix,N,862185,847786.5
1047,825,12,15,142209,kevin_magnussen,2020 Abu Dhabi Grand Prix,N,1397052,1385364
1047,825,19,17,105217,kevin_magnussen,2020 Abu Dhabi Grand Prix,N,2172244,2161686
1047,825,23,16,105491,kevin_magnussen,2020 Abu Dhabi Grand Prix,N,2593956,2577325
1047,825,30,18,107287,kevin_magnussen,2020 Abu Dhabi Grand Prix,N,3336965,3304938
1047,830,20,1,101560,max_verstappen,2020 Abu Dhabi Grand Prix,N,2235240,2265979
1047,822,47,2,102445,bottas,2020 Abu Dhabi Grand Prix,N,4986176,5064973
1047,1,11,3,160325,hamilton,2020 Abu Dhabi Grand Prix,N,1221824,1242049
1047,1,31,3,101993,hamilton,2020 Abu Dhabi Grand Prix,N,3361338,3409488
1047,1,50,3,101979,hamilton,2020 Abu Dhabi Grand Prix,N,5294386,5373802
1047,846,16,6,103380,norris,2020 Abu Dhabi Grand Prix,N,1841074,1846797
1047,846,36,6,102549,norris,2020 Abu Dhabi Grand Prix,N,3901430,3932044
1047,848,1,5,108734,albon,2020 Abu Dhabi Grand Prix,N,108734,113004.5
1047,848,26,4,101807,albon,2020 Abu Dhabi Grand Prix,N,2857851,2887746
1047,850,38,19,103789,pietro_fittipaldi,2020 Abu Dhabi Grand Prix,N,4204562,4138241
1047,850,52,19,103272,pietro_fittipaldi,2020 Abu Dhabi Grand Prix,N,5696338,5579893
1047,849,21,18,105348,latifi,2020 Abu Dhabi Grand Prix,N,2385161,2369940
1047,849,42,17,102742,latifi,2020 Abu Dhabi Grand Prix,N,4597191,4550223
1047,830,11,1,156851,max_verstappen,2020 Abu Dhabi Grand Prix,N,1206700,1242049
1047,830,30,1,101296,max_verstappen,2020 Abu Dhabi Grand Prix,N,3249408,3304938
1047,848,15,4,102429,albon,2020 Abu Dhabi Grand Prix,N,1733589,1742186
1047,848,38,4,101470,albon,2020 Abu Dhabi Grand Prix,N,4080662,4138241
1047,830,52,1,101497,max_verstappen,2020 Abu Dhabi Grand Prix,N,5483241,5579893
1047,822,22,2,101772,bottas,2020 Abu Dhabi Grand Prix,N,2442678,2473686
1047,830,7,1,102651,max_verstappen,2020 Abu Dhabi Grand Prix,N,718647,742568.5
1047,1,6,3,102997,hamilton,2020 Abu Dhabi Grand Prix,N,622230,637896
1047,1,21,3,101720,hamilton,2020 Abu Dhabi Grand Prix,N,2342971,2369940
1047,1,38,3,101502,hamilton,2020 Abu Dhabi Grand Prix,N,4072091,4138241
1047,1,54,3,102083,hamilton,2020 Abu Dhabi Grand Prix,N,5704395,5785959
1047,846,18,6,103370,norris,2020 Abu Dhabi Grand Prix,N,2047899,2056374
1047,846,38,6,103084,norris,2020 Abu Dhabi Grand Prix,N,4107056,4138241
1047,848,3,5,103941,albon,2020 Abu Dhabi Grand Prix,N,316826,323657.5
1047,848,31,4,101687,albon,2020 Abu Dhabi Grand Prix,N,3367241,3409488
1047,822,13,2,156590,bottas,2020 Abu Dhabi Grand Prix,N,1526714,1531078
1047,830,28,1,101318,max_verstappen,2020 Abu Dhabi Grand Prix,N,3046621,3096348
1047,1,22,3,101600,hamilton,2020 Abu Dhabi Grand Prix,N,2444571,2473686
1047,846,49,5,102495,norris,2020 Abu Dhabi Grand Prix,N,5236106,5270855
1047,8,17,14,104203,raikkonen,2020 Abu Dhabi Grand Prix,N,1956795,1951348
1047,8,30,13,104023,raikkonen,2020 Abu Dhabi Grand Prix,N,3316371,3304938
1047,8,43,12,102936,raikkonen,2020 Abu Dhabi Grand Prix,N,4661854,4653183
1047,841,2,15,106822,giovinazzi,2020 Abu Dhabi Grand Prix,N,222581,218755
1047,841,22,16,107130,giovinazzi,2020 Abu Dhabi Grand Prix,N,2486549,2473686
1047,841,36,16,102734,giovinazzi,2020 Abu Dhabi Grand Prix,N,3957340,3932044
1047,844,37,13,102960,leclerc,2020 Abu Dhabi Grand Prix,N,4042989,4035210
1047,844,51,13,102993,leclerc,2020 Abu Dhabi Grand Prix,N,5488772,5476713
1047,844,6,13,104795,leclerc,2020 Abu Dhabi Grand Prix,N,640390,637896
1047,844,27,15,102228,leclerc,2020 Abu Dhabi Grand Prix,N,3013980,2991990
1047,840,24,9,103704,stroll,2020 Abu Dhabi Grand Prix,N,2678742,2680634
1047,840,51,9,103095,stroll,2020 Abu Dhabi Grand Prix,N,5475433,5476713
1047,839,16,12,104567,ocon,2020 Abu Dhabi Grand Prix,N,1849049,1846797
1047,817,38,5,103106,ricciardo,2020 Abu Dhabi Grand Prix,N,4104255,4138241
1047,20,3,12,104878,vettel,2020 Abu Dhabi Grand Prix,N,324866,323657.5
1047,20,24,8,103655,vettel,2020 Abu Dhabi Grand Prix,N,2677003,2680634
1047,20,43,14,102212,vettel,2020 Abu Dhabi Grand Prix,N,4667049,4653183
1047,830,32,1,101254,max_verstappen,2020 Abu Dhabi Grand Prix,N,3451943,3514274
1047,839,39,10,102896,ocon,2020 Abu Dhabi Grand Prix,N,4241137,4241137
1047,842,13,11,144787,gasly,2020 Abu Dhabi Grand Prix,N,1531554,1531078
1047,842,45,8,102486,gasly,2020 Abu Dhabi Grand Prix,N,4850463,4859148
1047,817,14,5,104183,ricciardo,2020 Abu Dhabi Grand Prix,N,1632591,1637444
1047,848,55,4,102354,albon,2020 Abu Dhabi Grand Prix,N,5808632,5851840.5
1047,832,23,7,103436,sainz,2020 Abu Dhabi Grand Prix,N,2570087,2577325
1047,832,44,6,102325,sainz,2020 Abu Dhabi Grand Prix,N,4728444,4756184
1047,826,9,9,107228,kvyat,2020 Abu Dhabi Grand Prix,N,952453,953084
1047,826,29,12,103608,kvyat,2020 Abu Dhabi Grand Prix,N,3204040,3201153
1047,826,48,11,102985,kvyat,2020 Abu Dhabi Grand Prix,N,5169641,5167905
1047,844,23,19,123178,leclerc,2020 Abu Dhabi Grand Prix,N,2603982,2577325
1047,817,29,5,102904,ricciardo,2020 Abu Dhabi Grand Prix,N,3180255,3201153
1047,817,44,7,100958,ricciardo,2020 Abu Dhabi Grand Prix,N,4743135,4756184
1047,20,7,12,105228,vettel,2020 Abu Dhabi Grand Prix,N,744717,742568.5
1047,20,27,8,105512,vettel,2020 Abu Dhabi Grand Prix,N,2990306,2991990
1047,20,46,14,103384,vettel,2020 Abu Dhabi Grand Prix,N,4977475,4962079
1047,844,11,8,143156,leclerc,2020 Abu Dhabi Grand Prix,N,1236507,1242049
1047,847,12,17,143979,russell,2020 Abu Dhabi Grand Prix,N,1408299,1385364
1047,847,15,17,106200,russell,2020 Abu Dhabi Grand Prix,N,1749236,1742186
1047,847,19,16,104867,russell,2020 Abu Dhabi Grand Prix,N,2169760,2161686
1047,847,23,14,104819,russell,2020 Abu Dhabi Grand Prix,N,2589816,2577325
1047,847,26,14,104053,russell,2020 Abu Dhabi Grand Prix,N,2902271,2887746
1047,847,31,14,104599,russell,2020 Abu Dhabi Grand Prix,N,3423165,3409488
1047,847,33,14,104146,russell,2020 Abu Dhabi Grand Prix,N,3631157,3618530
1047,847,38,14,103386,russell,2020 Abu Dhabi Grand Prix,N,4152651,4138241
1047,847,43,15,104064,russell,2020 Abu Dhabi Grand Prix,N,4674548,4653183
1047,847,45,15,103548,russell,2020 Abu Dhabi Grand Prix,N,4881706,4859148
1047,847,50,15,103641,russell,2020 Abu Dhabi Grand Prix,N,5406031,5373802
1047,847,54,15,103328,russell,2020 Abu Dhabi Grand Prix,N,5821030,5785959
1047,825,3,17,106300,kevin_magnussen,2020 Abu Dhabi Grand Prix,N,331265,323657.5
1047,825,10,17,143503,kevin_magnussen,2020 Abu Dhabi Grand Prix,N,1111800,1090039
1047,825,14,16,108535,kevin_magnussen,2020 Abu Dhabi Grand Prix,N,1642224,1637444
1047,825,20,17,105319,kevin_magnussen,2020 Abu Dhabi Grand Prix,N,2277563,2265979
1047,825,25,16,105399,kevin_magnussen,2020 Abu Dhabi Grand Prix,N,2804702,2784219
1047,825,31,19,108161,kevin_magnussen,2020 Abu Dhabi Grand Prix,Y,3445126,3409488
1047,832,33,7,102678,sainz,2020 Abu Dhabi Grand Prix,N,3600678,3618530
1047,832,38,7,102487,sainz,2020 Abu Dhabi Grand Prix,N,4113263,4138241
1047,832,40,6,102354,sainz,2020 Abu Dhabi Grand Prix,N,4318043,4344073
1047,832,43,6,103127,sainz,2020 Abu Dhabi Grand Prix,N,4626119,4653183
1047,832,47,6,102574,sainz,2020 Abu Dhabi Grand Prix,N,5035789,5064973
1047,832,51,6,102255,sainz,2020 Abu Dhabi Grand Prix,N,5444679,5476713
1047,832,54,6,102379,sainz,2020 Abu Dhabi Grand Prix,N,5751828,5785959
1047,826,3,7,104320,kvyat,2020 Abu Dhabi Grand Prix,N,319891,323657.5
1047,826,6,7,104741,kvyat,2020 Abu Dhabi Grand Prix,N,633796,637896
1047,826,8,8,106648,kvyat,2020 Abu Dhabi Grand Prix,N,845225,847786.5
1047,826,13,14,140028,kvyat,2020 Abu Dhabi Grand Prix,N,1533002,1531078
1047,826,16,13,103928,kvyat,2020 Abu Dhabi Grand Prix,N,1850527,1846797
1047,826,20,13,105119,kvyat,2020 Abu Dhabi Grand Prix,N,2269297,2265979
1047,826,23,12,103677,kvyat,2020 Abu Dhabi Grand Prix,N,2583513,2577325
1047,826,26,12,103304,kvyat,2020 Abu Dhabi Grand Prix,N,2893569,2887746
1047,826,30,12,103753,kvyat,2020 Abu Dhabi Grand Prix,N,3307793,3304938
1047,826,33,12,104243,kvyat,2020 Abu Dhabi Grand Prix,N,3620406,3618530
1047,826,37,11,103500,kvyat,2020 Abu Dhabi Grand Prix,N,4036756,4035210
1047,826,40,11,102900,kvyat,2020 Abu Dhabi Grand Prix,N,4345992,4344073
1047,826,44,11,103165,kvyat,2020 Abu Dhabi Grand Prix,N,4758046,4756184
1047,826,47,11,102704,kvyat,2020 Abu Dhabi Grand Prix,N,5066656,5064973
1047,826,51,11,102921,kvyat,2020 Abu Dhabi Grand Prix,N,5478647,5476713
1047,826,54,11,106316,kvyat,2020 Abu Dhabi Grand Prix,N,5791445,5785959
1047,839,13,13,142022,ocon,2020 Abu Dhabi Grand Prix,N,1532457,1531078
1047,842,16,11,104512,gasly,2020 Abu Dhabi Grand Prix,N,1847634,1846797
1047,817,45,7,102071,ricciardo,2020 Abu Dhabi Grand Prix,N,4845206,4859148
1047,20,44,14,102332,vettel,2020 Abu Dhabi Grand Prix,N,4769381,4756184
1047,832,11,9,157847,sainz,2020 Abu Dhabi Grand Prix,N,1239961,1242049
1047,826,36,11,103998,kvyat,2020 Abu Dhabi Grand Prix,N,3933256,3932044
1047,841,1,15,115759,giovinazzi,2020 Abu Dhabi Grand Prix,N,115759,113004.5
1047,841,50,16,103496,giovinazzi,2020 Abu Dhabi Grand Prix,N,5407048,5373802
1047,847,27,14,104413,russell,2020 Abu Dhabi Grand Prix,N,3006684,2991990
1047,849,13,18,117238,latifi,2020 Abu Dhabi Grand Prix,N,1535338,1531078
1047,830,3,1,102207,max_verstappen,2020 Abu Dhabi Grand Prix,N,308332,323657.5
1047,830,9,1,102461,max_verstappen,2020 Abu Dhabi Grand Prix,N,923614,953084
1047,830,14,1,100958,max_verstappen,2020 Abu Dhabi Grand Prix,N,1626791,1637444
1047,830,19,1,101423,max_verstappen,2020 Abu Dhabi Grand Prix,N,2133680,2161686
1047,830,27,1,101362,max_verstappen,2020 Abu Dhabi Grand Prix,N,2945303,2991990
1047,822,38,2,101773,bottas,2020 Abu Dhabi Grand Prix,N,4068921,4138241
1047,822,40,2,101131,bottas,2020 Abu Dhabi Grand Prix,N,4271494,4344073
1047,822,45,2,102512,bottas,2020 Abu Dhabi Grand Prix,N,4781459,4859148
1047,822,49,2,101369,bottas,2020 Abu Dhabi Grand Prix,N,5189114,5270855
1047,822,52,2,101823,bottas,2020 Abu Dhabi Grand Prix,N,5494820,5579893
1047,1,1,3,106347,hamilton,2020 Abu Dhabi Grand Prix,N,106347,113004.5
1047,1,4,3,103051,hamilton,2020 Abu Dhabi Grand Prix,N,416076,428339
1047,1,9,3,103289,hamilton,2020 Abu Dhabi Grand Prix,N,931621,953084
1047,1,13,3,154323,hamilton,2020 Abu Dhabi Grand Prix,N,1527371,1531078
1047,1,17,3,102106,hamilton,2020 Abu Dhabi Grand Prix,N,1935650,1951348
1047,1,20,3,101991,hamilton,2020 Abu Dhabi Grand Prix,N,2241251,2265979
1047,1,25,3,101745,hamilton,2020 Abu Dhabi Grand Prix,N,2750214,2784219
1047,1,28,3,101658,hamilton,2020 Abu Dhabi Grand Prix,N,3055885,3096348
1047,1,33,3,101457,hamilton,2020 Abu Dhabi Grand Prix,N,3564305,3618530
1047,1,36,3,101689,hamilton,2020 Abu Dhabi Grand Prix,N,3869169,3932044
1047,1,40,3,101429,hamilton,2020 Abu Dhabi Grand Prix,N,4274972,4344073
1047,1,45,3,101650,hamilton,2020 Abu Dhabi Grand Prix,N,4783603,4859148
1047,1,47,3,102097,hamilton,2020 Abu Dhabi Grand Prix,N,4988131,5064973
1047,1,52,3,102652,hamilton,2020 Abu Dhabi Grand Prix,N,5499320,5579893
1047,1,55,3,102665,hamilton,2020 Abu Dhabi Grand Prix,N,5807060,5851840.5
1047,846,4,4,103951,norris,2020 Abu Dhabi Grand Prix,N,419873,428339
1047,846,7,5,104650,norris,2020 Abu Dhabi Grand Prix,N,734172,742568.5
1047,846,12,6,145506,norris,2020 Abu Dhabi Grand Prix,N,1378844,1385364
1047,846,14,6,104829,norris,2020 Abu Dhabi Grand Prix,N,1633990,1637444
1047,846,19,6,103410,norris,2020 Abu Dhabi Grand Prix,N,2151309,2161686
1047,846,22,6,103343,norris,2020 Abu Dhabi Grand Prix,N,2461737,2473686
1047,846,26,6,103041,norris,2020 Abu Dhabi Grand Prix,N,2873607,2887746
1047,846,29,6,102894,norris,2020 Abu Dhabi Grand Prix,N,3182742,3201153
1047,846,33,6,102693,norris,2020 Abu Dhabi Grand Prix,N,3594046,3618530
1047,846,37,6,102542,norris,2020 Abu Dhabi Grand Prix,N,4003972,4035210
1047,846,40,5,102730,norris,2020 Abu Dhabi Grand Prix,N,4312557,4344073
1047,846,44,5,102660,norris,2020 Abu Dhabi Grand Prix,N,4723271,4756184
1047,846,47,5,102686,norris,2020 Abu Dhabi Grand Prix,N,5031050,5064973
1047,846,52,5,102069,norris,2020 Abu Dhabi Grand Prix,N,5542783,5579893
1047,846,54,5,102312,norris,2020 Abu Dhabi Grand Prix,N,5747059,5785959
1047,848,4,5,104029,albon,2020 Abu Dhabi Grand Prix,N,420855,428339
1047,848,6,4,102885,albon,2020 Abu Dhabi Grand Prix,N,627816,637896
1047,848,11,4,159269,albon,2020 Abu Dhabi Grand Prix,N,1227621,1242049
1047,848,14,4,103243,albon,2020 Abu Dhabi Grand Prix,N,1631160,1637444
1047,848,19,4,102272,albon,2020 Abu Dhabi Grand Prix,N,2143490,2161686
1047,848,23,4,102182,albon,2020 Abu Dhabi Grand Prix,N,2551741,2577325
1047,825,34,19,102372,kevin_magnussen,2020 Abu Dhabi Grand Prix,N,3773420,3723012
1047,825,40,18,103942,kevin_magnussen,2020 Abu Dhabi Grand Prix,N,4396305,4344073
1047,825,45,18,106904,kevin_magnussen,2020 Abu Dhabi Grand Prix,N,4926010,4859148
1047,825,49,18,102005,kevin_magnussen,2020 Abu Dhabi Grand Prix,N,5368674,5270855
1047,850,1,18,117550,pietro_fittipaldi,2020 Abu Dhabi Grand Prix,N,117550,113004.5
1047,850,8,19,106930,pietro_fittipaldi,2020 Abu Dhabi Grand Prix,N,865143,847786.5
1047,850,13,19,113035,pietro_fittipaldi,2020 Abu Dhabi Grand Prix,N,1537641,1531078
1047,850,18,19,105720,pietro_fittipaldi,2020 Abu Dhabi Grand Prix,N,2068999,2056374
1047,850,23,18,105207,pietro_fittipaldi,2020 Abu Dhabi Grand Prix,N,2597459,2577325
1047,850,29,18,105729,pietro_fittipaldi,2020 Abu Dhabi Grand Prix,N,3230383,3201153
1047,850,35,19,132398,pietro_fittipaldi,2020 Abu Dhabi Grand Prix,N,3894570,3828182
1047,850,40,19,104548,pietro_fittipaldi,2020 Abu Dhabi Grand Prix,N,4413702,4344073
1047,850,46,19,105552,pietro_fittipaldi,2020 Abu Dhabi Grand Prix,N,5048059,4962079
1047,850,51,19,102828,pietro_fittipaldi,2020 Abu Dhabi Grand Prix,N,5593066,5476713
1047,849,3,20,106668,latifi,2020 Abu Dhabi Grand Prix,N,333623,323657.5
1047,849,5,20,106725,latifi,2020 Abu Dhabi Grand Prix,N,546820,533046
1047,849,10,19,141517,latifi,2020 Abu Dhabi Grand Prix,N,1119197,1090039
1047,849,15,18,106373,latifi,2020 Abu Dhabi Grand Prix,N,1750134,1742186
1047,849,18,18,105479,latifi,2020 Abu Dhabi Grand Prix,N,2067811,2056374
1047,849,22,18,105078,latifi,2020 Abu Dhabi Grand Prix,N,2490239,2473686
1047,849,25,17,105143,latifi,2020 Abu Dhabi Grand Prix,N,2805545,2784219
1047,849,30,16,104853,latifi,2020 Abu Dhabi Grand Prix,N,3331937,3304938
1047,849,32,16,104204,latifi,2020 Abu Dhabi Grand Prix,N,3540288,3514274
1047,849,37,17,105031,latifi,2020 Abu Dhabi Grand Prix,N,4082360,4035210
1047,849,41,17,102937,latifi,2020 Abu Dhabi Grand Prix,N,4494449,4447093
1047,849,44,17,102638,latifi,2020 Abu Dhabi Grand Prix,N,4802421,4756184
1047,849,48,17,102842,latifi,2020 Abu Dhabi Grand Prix,N,5213399,5167905
1047,849,52,17,102959,latifi,2020 Abu Dhabi Grand Prix,N,5625181,5579893
1047,815,1,20,118615,perez,2020 Abu Dhabi Grand Prix,N,118615,113004.5
1047,815,5,16,103786,perez,2020 Abu Dhabi Grand Prix,N,540418,533046
1047,815,8,14,104231,perez,2020 Abu Dhabi Grand Prix,N,853035,847786.5
1047,8,37,12,103359,raikkonen,2020 Abu Dhabi Grand Prix,N,4041890,4035210
1047,8,44,12,102854,raikkonen,2020 Abu Dhabi Grand Prix,N,4764708,4756184
1047,8,50,12,102281,raikkonen,2020 Abu Dhabi Grand Prix,N,5380387,5373802
1047,8,53,12,102148,raikkonen,2020 Abu Dhabi Grand Prix,N,5689792,5682970
1047,841,5,15,105775,giovinazzi,2020 Abu Dhabi Grand Prix,N,539269,533046
1047,841,9,15,106179,giovinazzi,2020 Abu Dhabi Grand Prix,N,963393,953084
1047,841,15,13,106923,giovinazzi,2020 Abu Dhabi Grand Prix,N,1745936,1742186
1047,841,21,15,105369,giovinazzi,2020 Abu Dhabi Grand Prix,N,2379419,2369940
1047,841,25,15,104960,giovinazzi,2020 Abu Dhabi Grand Prix,N,2802625,2784219
1047,841,32,18,102846,giovinazzi,2020 Abu Dhabi Grand Prix,N,3546976,3514274
1047,841,38,16,102973,giovinazzi,2020 Abu Dhabi Grand Prix,N,4165187,4138241
1047,841,44,16,103060,giovinazzi,2020 Abu Dhabi Grand Prix,N,4780459,4756184
1047,841,47,16,103468,giovinazzi,2020 Abu Dhabi Grand Prix,N,5094116,5064973
1047,841,53,16,103876,giovinazzi,2020 Abu Dhabi Grand Prix,N,5718828,5682970
1047,847,5,17,106794,russell,2020 Abu Dhabi Grand Prix,N,542583,533046
1047,847,9,16,105844,russell,2020 Abu Dhabi Grand Prix,N,966498,953084
1047,844,38,13,103274,leclerc,2020 Abu Dhabi Grand Prix,N,4146263,4138241
1047,844,44,13,102796,leclerc,2020 Abu Dhabi Grand Prix,N,4765479,4756184
1047,844,46,13,103260,leclerc,2020 Abu Dhabi Grand Prix,N,4971564,4962079
1047,844,53,13,106365,leclerc,2020 Abu Dhabi Grand Prix,N,5698257,5682970
1047,8,1,14,114909,raikkonen,2020 Abu Dhabi Grand Prix,N,114909,113004.5
1047,8,6,14,105367,raikkonen,2020 Abu Dhabi Grand Prix,N,642209,637896
1047,8,13,16,132308,raikkonen,2020 Abu Dhabi Grand Prix,N,1534031,1531078
1047,8,16,15,105161,raikkonen,2020 Abu Dhabi Grand Prix,N,1852592,1846797
1047,8,23,13,104538,raikkonen,2020 Abu Dhabi Grand Prix,N,2586570,2577325
1047,8,27,13,104509,raikkonen,2020 Abu Dhabi Grand Prix,N,3003875,2991990
1047,8,32,13,103776,raikkonen,2020 Abu Dhabi Grand Prix,N,3523951,3514274
1047,847,6,17,106466,russell,2020 Abu Dhabi Grand Prix,N,649049,637896
1047,848,28,4,102151,albon,2020 Abu Dhabi Grand Prix,N,3061869,3096348
1047,848,32,4,101782,albon,2020 Abu Dhabi Grand Prix,N,3469023,3514274
1047,848,37,4,101824,albon,2020 Abu Dhabi Grand Prix,N,3979192,4035210
1047,830,34,1,101201,max_verstappen,2020 Abu Dhabi Grand Prix,N,3654306,3723012
1047,830,38,1,102119,max_verstappen,2020 Abu Dhabi Grand Prix,N,4061170,4138241
1047,830,43,1,101569,max_verstappen,2020 Abu Dhabi Grand Prix,N,4567902,4653183
1047,830,46,1,101367,max_verstappen,2020 Abu Dhabi Grand Prix,N,4872436,4962079
1047,830,51,1,101838,max_verstappen,2020 Abu Dhabi Grand Prix,N,5381744,5476713
1047,822,2,2,102716,bottas,2020 Abu Dhabi Grand Prix,N,207990,218755
1047,822,4,2,102798,bottas,2020 Abu Dhabi Grand Prix,N,413429,428339
1047,822,9,2,102691,bottas,2020 Abu Dhabi Grand Prix,N,926887,953084
1047,822,11,2,157068,bottas,2020 Abu Dhabi Grand Prix,N,1211834,1242049
1047,822,16,2,102089,bottas,2020 Abu Dhabi Grand Prix,N,1831695,1846797
1047,822,18,2,101870,bottas,2020 Abu Dhabi Grand Prix,N,2035400,2056374
1047,822,23,2,101686,bottas,2020 Abu Dhabi Grand Prix,N,2544364,2577325
1047,822,25,2,101685,bottas,2020 Abu Dhabi Grand Prix,N,2747488,2784219
1047,822,30,2,101505,bottas,2020 Abu Dhabi Grand Prix,N,3256862,3304938
1047,822,32,2,101552,bottas,2020 Abu Dhabi Grand Prix,N,3459775,3514274
1047,847,11,18,155441,russell,2020 Abu Dhabi Grand Prix,N,1264320,1242049
1047,847,29,14,103870,russell,2020 Abu Dhabi Grand Prix,N,3214711,3201153
1047,847,46,15,107859,russell,2020 Abu Dhabi Grand Prix,N,4989565,4962079
1047,825,9,17,106112,kevin_magnussen,2020 Abu Dhabi Grand Prix,N,968297,953084
1047,825,32,19,123659,kevin_magnussen,2020 Abu Dhabi Grand Prix,N,3568785,3514274
1047,825,39,18,103697,kevin_magnussen,2020 Abu Dhabi Grand Prix,N,4292363,4241137
1047,850,2,18,108137,pietro_fittipaldi,2020 Abu Dhabi Grand Prix,N,225687,218755
1047,850,19,19,105652,pietro_fittipaldi,2020 Abu Dhabi Grand Prix,N,2174651,2161686
1047,850,41,19,106578,pietro_fittipaldi,2020 Abu Dhabi Grand Prix,N,4520280,4447093
1047,849,6,20,106462,latifi,2020 Abu Dhabi Grand Prix,N,653282,637896
1047,849,28,16,105227,latifi,2020 Abu Dhabi Grand Prix,N,3122052,3096348
1047,849,46,17,102591,latifi,2020 Abu Dhabi Grand Prix,N,5007950,4962079
1047,8,49,12,102567,raikkonen,2020 Abu Dhabi Grand Prix,N,5278106,5270855
1047,841,19,15,105074,giovinazzi,2020 Abu Dhabi Grand Prix,N,2168675,2161686
1047,841,40,16,102440,giovinazzi,2020 Abu Dhabi Grand Prix,N,4370064,4344073
1047,844,34,14,103091,leclerc,2020 Abu Dhabi Grand Prix,N,3735068,3723012
1047,8,10,14,140626,raikkonen,2020 Abu Dhabi Grand Prix,Y,1101675,1090039
1047,8,33,13,103596,raikkonen,2020 Abu Dhabi Grand Prix,N,3627547,3618530